    -- --------------------------------------------------------
    -- Host:                         127.0.0.1
    -- Server version:               10.4.32-MariaDB - mariadb.org binary distribution
    -- Server OS:                    Win64
    -- HeidiSQL Version:             12.6.0.6765
    -- --------------------------------------------------------

    /*!40101 SET @OLD_CHARACTER_SET_CLIENT=@@CHARACTER_SET_CLIENT */;
    /*!40101 SET NAMES utf8 */;
    /*!50503 SET NAMES utf8mb4 */;
    /*!40103 SET @OLD_TIME_ZONE=@@TIME_ZONE */;
    /*!40103 SET TIME_ZONE='+00:00' */;
    /*!40014 SET @OLD_FOREIGN_KEY_CHECKS=@@FOREIGN_KEY_CHECKS, FOREIGN_KEY_CHECKS=0 */;
    /*!40101 SET @OLD_SQL_MODE=@@SQL_MODE, SQL_MODE='NO_AUTO_VALUE_ON_ZERO' */;
    /*!40111 SET @OLD_SQL_NOTES=@@SQL_NOTES, SQL_NOTES=0 */;


    -- Dumping database structure for mat_kinh_kimi
    CREATE DATABASE IF NOT EXISTS `mat_kinh_kimi` /*!40100 DEFAULT CHARACTER SET utf8mb4 COLLATE utf8mb4_general_ci */;
    USE `mat_kinh_kimi`;

    -- Dumping structure for table mat_kinh_kimi.banner_images
    CREATE TABLE IF NOT EXISTS `banner_images` (
      `id` int(11) NOT NULL AUTO_INCREMENT,
      `urlImage` varchar(255) DEFAULT NULL,
      `description` varchar(255) DEFAULT NULL,
      PRIMARY KEY (`id`)
    ) ENGINE=InnoDB AUTO_INCREMENT=8 DEFAULT CHARSET=utf8mb4 COLLATE=utf8mb4_general_ci;

    -- Dumping data for table mat_kinh_kimi.banner_images: ~7 rows (approximately)
    INSERT INTO `banner_images` (`id`, `urlImage`, `description`) VALUES
        (1, 'images/home_banner/banner_bottom_img.png', 'banner-pr'),
        (2, 'images/bannerAccount.png', 'banner-login'),
        (3, 'images/bannerAccount.png', 'banner-signup'),
        (4, 'images/logo/logo.png', 'banner_logo'),
        (5, 'images/banner_management/slide/slideShow_1.png', 'slide-5'),
        (6, 'images/banner_management/slide/slideShow_2.png', 'slide-6'),
        (7, 'images/banner_management/slide/slideShow_3.jpg', 'slide-7');

    -- Dumping structure for table mat_kinh_kimi.bills
    CREATE TABLE IF NOT EXISTS `bills` (
      `id` int(11) NOT NULL AUTO_INCREMENT,
      `userId` int(11) DEFAULT NULL,
      `userName` varchar(255) DEFAULT NULL,
      `email` varchar(255) DEFAULT NULL,
      `phoneNumber` varchar(10) DEFAULT NULL,
      `codeProvince` int(11) DEFAULT NULL,
      `codeDistrict` int(11) DEFAULT NULL,
      `codeWard` int(11) DEFAULT NULL,
      `address` varchar(255) DEFAULT NULL,
      `transportFee` decimal(10,2) DEFAULT NULL,
      `transfer` bit(1) DEFAULT b'0',
      PRIMARY KEY (`id`),
      KEY `bills_userId_users_id_fk` (`userId`),
      CONSTRAINT `bills_userId_users_id_fk` FOREIGN KEY (`userId`) REFERENCES `users` (`id`) ON UPDATE NO ACTION
    ) ENGINE=InnoDB AUTO_INCREMENT=101 DEFAULT CHARSET=utf8mb4 COLLATE=utf8mb4_general_ci;

    -- Dumping data for table mat_kinh_kimi.bills: ~100 rows (approximately)
    INSERT INTO `bills` (`id`, `userId`, `userName`, `email`, `phoneNumber`, `codeProvince`, `codeDistrict`, `codeWard`, `address`, `transportFee`, `transfer`) VALUES
        (1, 3, 'Nguyễn Đình Lam', 'kiminonawa1305@gmail.com', '0855354919', 60, 596, 23044, '221 - Bình Đức - Phan Hiệp - Bắc Bình - Bình Thuận', 20000.00, b'1'),
        (2, 4, 'Nguyễn Đình Lam', 'kiminonawa1305@gmail.com', '0855354919', 60, 596, 23044, '221 - Bình Đức - Phan Hiệp - Bắc Bình - Bình Thuận', 20000.00, b'1'),
        (3, 4, 'Nguyễn Đình Lam', 'kiminonawa1305@gmail.com', '0855354919', 60, 596, 23044, '221 - Bình Đức - Phan Hiệp - Bắc Bình - Bình Thuận', 20000.00, b'1'),
        (4, 1, 'Nguyễn Đình Lam', 'kiminonawa1305@gmail.com', '0855354919', 60, 596, 23044, '221 - Bình Đức - Phan Hiệp - Bắc Bình - Bình Thuận', 20000.00, b'1'),
        (5, 2, 'Nguyễn Đình Lam', 'kiminonawa1305@gmail.com', '0855354919', 60, 596, 23044, '221 - Bình Đức - Phan Hiệp - Bắc Bình - Bình Thuận', 20000.00, b'1'),
        (6, 4, 'Nguyễn Đình Lam', 'kiminonawa1305@gmail.com', '0855354919', 60, 596, 23044, '221 - Bình Đức - Phan Hiệp - Bắc Bình - Bình Thuận', 20000.00, b'0'),
        (7, 1, 'Nguyễn Đình Lam', 'kiminonawa1305@gmail.com', '0855354919', 60, 596, 23044, '221 - Bình Đức - Phan Hiệp - Bắc Bình - Bình Thuận', 20000.00, b'0'),
        (8, 3, 'Nguyễn Đình Lam', 'kiminonawa1305@gmail.com', '0855354919', 60, 596, 23044, '221 - Bình Đức - Phan Hiệp - Bắc Bình - Bình Thuận', 20000.00, b'0'),
        (9, 4, 'Nguyễn Đình Lam', 'kiminonawa1305@gmail.com', '0855354919', 60, 596, 23044, '221 - Bình Đức - Phan Hiệp - Bắc Bình - Bình Thuận', 20000.00, b'1'),
        (10, 1, 'Nguyễn Đình Lam', 'kiminonawa1305@gmail.com', '0855354919', 60, 596, 23044, '221 - Bình Đức - Phan Hiệp - Bắc Bình - Bình Thuận', 20000.00, b'1'),
        (11, 1, 'Nguyễn Đình Lam', 'kiminonawa1305@gmail.com', '0855354919', 60, 596, 23044, '221 - Bình Đức - Phan Hiệp - Bắc Bình - Bình Thuận', 20000.00, b'1'),
        (12, 3, 'Nguyễn Đình Lam', 'kiminonawa1305@gmail.com', '0855354919', 60, 596, 23044, '221 - Bình Đức - Phan Hiệp - Bắc Bình - Bình Thuận', 20000.00, b'0'),
        (13, 3, 'Nguyễn Đình Lam', 'kiminonawa1305@gmail.com', '0855354919', 60, 596, 23044, '221 - Bình Đức - Phan Hiệp - Bắc Bình - Bình Thuận', 20000.00, b'1'),
        (14, 2, 'Nguyễn Đình Lam', 'kiminonawa1305@gmail.com', '0855354919', 60, 596, 23044, '221 - Bình Đức - Phan Hiệp - Bắc Bình - Bình Thuận', 20000.00, b'1'),
        (15, 2, 'Nguyễn Đình Lam', 'kiminonawa1305@gmail.com', '0855354919', 60, 596, 23044, '221 - Bình Đức - Phan Hiệp - Bắc Bình - Bình Thuận', 20000.00, b'1'),
        (16, 3, 'Nguyễn Đình Lam', 'kiminonawa1305@gmail.com', '0855354919', 60, 596, 23044, '221 - Bình Đức - Phan Hiệp - Bắc Bình - Bình Thuận', 20000.00, b'1'),
        (17, 3, 'Nguyễn Đình Lam', 'kiminonawa1305@gmail.com', '0855354919', 60, 596, 23044, '221 - Bình Đức - Phan Hiệp - Bắc Bình - Bình Thuận', 20000.00, b'0'),
        (18, 4, 'Nguyễn Đình Lam', 'kiminonawa1305@gmail.com', '0855354919', 60, 596, 23044, '221 - Bình Đức - Phan Hiệp - Bắc Bình - Bình Thuận', 20000.00, b'1'),
        (19, 4, 'Nguyễn Đình Lam', 'kiminonawa1305@gmail.com', '0855354919', 60, 596, 23044, '221 - Bình Đức - Phan Hiệp - Bắc Bình - Bình Thuận', 20000.00, b'0'),
        (20, 2, 'Nguyễn Đình Lam', 'kiminonawa1305@gmail.com', '0855354919', 60, 596, 23044, '221 - Bình Đức - Phan Hiệp - Bắc Bình - Bình Thuận', 20000.00, b'1'),
        (21, 1, 'Nguyễn Đình Lam', 'kiminonawa1305@gmail.com', '0855354919', 60, 596, 23044, '221 - Bình Đức - Phan Hiệp - Bắc Bình - Bình Thuận', 20000.00, b'0'),
        (22, 3, 'Nguyễn Đình Lam', 'kiminonawa1305@gmail.com', '0855354919', 60, 596, 23044, '221 - Bình Đức - Phan Hiệp - Bắc Bình - Bình Thuận', 20000.00, b'1'),
        (23, 1, 'Nguyễn Đình Lam', 'kiminonawa1305@gmail.com', '0855354919', 60, 596, 23044, '221 - Bình Đức - Phan Hiệp - Bắc Bình - Bình Thuận', 20000.00, b'0'),
        (24, 2, 'Nguyễn Đình Lam', 'kiminonawa1305@gmail.com', '0855354919', 60, 596, 23044, '221 - Bình Đức - Phan Hiệp - Bắc Bình - Bình Thuận', 20000.00, b'1'),
        (25, 4, 'Nguyễn Đình Lam', 'kiminonawa1305@gmail.com', '0855354919', 60, 596, 23044, '221 - Bình Đức - Phan Hiệp - Bắc Bình - Bình Thuận', 20000.00, b'1'),
        (26, 3, 'Nguyễn Đình Lam', 'kiminonawa1305@gmail.com', '0855354919', 60, 596, 23044, '221 - Bình Đức - Phan Hiệp - Bắc Bình - Bình Thuận', 20000.00, b'1'),
        (27, 2, 'Nguyễn Đình Lam', 'kiminonawa1305@gmail.com', '0855354919', 60, 596, 23044, '221 - Bình Đức - Phan Hiệp - Bắc Bình - Bình Thuận', 20000.00, b'1'),
        (28, 4, 'Nguyễn Đình Lam', 'kiminonawa1305@gmail.com', '0855354919', 60, 596, 23044, '221 - Bình Đức - Phan Hiệp - Bắc Bình - Bình Thuận', 20000.00, b'0'),
        (29, 3, 'Nguyễn Đình Lam', 'kiminonawa1305@gmail.com', '0855354919', 60, 596, 23044, '221 - Bình Đức - Phan Hiệp - Bắc Bình - Bình Thuận', 20000.00, b'0'),
        (30, 1, 'Nguyễn Đình Lam', 'kiminonawa1305@gmail.com', '0855354919', 60, 596, 23044, '221 - Bình Đức - Phan Hiệp - Bắc Bình - Bình Thuận', 20000.00, b'0'),
        (31, 4, 'Nguyễn Đình Lam', 'kiminonawa1305@gmail.com', '0855354919', 60, 596, 23044, '221 - Bình Đức - Phan Hiệp - Bắc Bình - Bình Thuận', 20000.00, b'1'),
        (32, 3, 'Nguyễn Đình Lam', 'kiminonawa1305@gmail.com', '0855354919', 60, 596, 23044, '221 - Bình Đức - Phan Hiệp - Bắc Bình - Bình Thuận', 20000.00, b'0'),
        (33, 1, 'Nguyễn Đình Lam', 'kiminonawa1305@gmail.com', '0855354919', 60, 596, 23044, '221 - Bình Đức - Phan Hiệp - Bắc Bình - Bình Thuận', 20000.00, b'0'),
        (34, 4, 'Nguyễn Đình Lam', 'kiminonawa1305@gmail.com', '0855354919', 60, 596, 23044, '221 - Bình Đức - Phan Hiệp - Bắc Bình - Bình Thuận', 20000.00, b'0'),
        (35, 3, 'Nguyễn Đình Lam', 'kiminonawa1305@gmail.com', '0855354919', 60, 596, 23044, '221 - Bình Đức - Phan Hiệp - Bắc Bình - Bình Thuận', 20000.00, b'0'),
        (36, 1, 'Nguyễn Đình Lam', 'kiminonawa1305@gmail.com', '0855354919', 60, 596, 23044, '221 - Bình Đức - Phan Hiệp - Bắc Bình - Bình Thuận', 20000.00, b'1'),
        (37, 1, 'Nguyễn Đình Lam', 'kiminonawa1305@gmail.com', '0855354919', 60, 596, 23044, '221 - Bình Đức - Phan Hiệp - Bắc Bình - Bình Thuận', 20000.00, b'0'),
        (38, 1, 'Nguyễn Đình Lam', 'kiminonawa1305@gmail.com', '0855354919', 60, 596, 23044, '221 - Bình Đức - Phan Hiệp - Bắc Bình - Bình Thuận', 20000.00, b'0'),
        (39, 2, 'Nguyễn Đình Lam', 'kiminonawa1305@gmail.com', '0855354919', 60, 596, 23044, '221 - Bình Đức - Phan Hiệp - Bắc Bình - Bình Thuận', 20000.00, b'0'),
        (40, 4, 'Nguyễn Đình Lam', 'kiminonawa1305@gmail.com', '0855354919', 60, 596, 23044, '221 - Bình Đức - Phan Hiệp - Bắc Bình - Bình Thuận', 20000.00, b'1'),
        (41, 3, 'Nguyễn Đình Lam', 'kiminonawa1305@gmail.com', '0855354919', 60, 596, 23044, '221 - Bình Đức - Phan Hiệp - Bắc Bình - Bình Thuận', 20000.00, b'0'),
        (42, 3, 'Nguyễn Đình Lam', 'kiminonawa1305@gmail.com', '0855354919', 60, 596, 23044, '221 - Bình Đức - Phan Hiệp - Bắc Bình - Bình Thuận', 20000.00, b'1'),
        (43, 2, 'Nguyễn Đình Lam', 'kiminonawa1305@gmail.com', '0855354919', 60, 596, 23044, '221 - Bình Đức - Phan Hiệp - Bắc Bình - Bình Thuận', 20000.00, b'1'),
        (44, 2, 'Nguyễn Đình Lam', 'kiminonawa1305@gmail.com', '0855354919', 60, 596, 23044, '221 - Bình Đức - Phan Hiệp - Bắc Bình - Bình Thuận', 20000.00, b'0'),
        (45, 4, 'Nguyễn Đình Lam', 'kiminonawa1305@gmail.com', '0855354919', 60, 596, 23044, '221 - Bình Đức - Phan Hiệp - Bắc Bình - Bình Thuận', 20000.00, b'0'),
        (46, 3, 'Nguyễn Đình Lam', 'kiminonawa1305@gmail.com', '0855354919', 60, 596, 23044, '221 - Bình Đức - Phan Hiệp - Bắc Bình - Bình Thuận', 20000.00, b'1'),
        (47, 2, 'Nguyễn Đình Lam', 'kiminonawa1305@gmail.com', '0855354919', 60, 596, 23044, '221 - Bình Đức - Phan Hiệp - Bắc Bình - Bình Thuận', 20000.00, b'1'),
        (48, 2, 'Nguyễn Đình Lam', 'kiminonawa1305@gmail.com', '0855354919', 60, 596, 23044, '221 - Bình Đức - Phan Hiệp - Bắc Bình - Bình Thuận', 20000.00, b'1'),
        (49, 1, 'Nguyễn Đình Lam', 'kiminonawa1305@gmail.com', '0855354919', 60, 596, 23044, '221 - Bình Đức - Phan Hiệp - Bắc Bình - Bình Thuận', 20000.00, b'0'),
        (50, 1, 'Nguyễn Đình Lam', 'kiminonawa1305@gmail.com', '0855354919', 60, 596, 23044, '221 - Bình Đức - Phan Hiệp - Bắc Bình - Bình Thuận', 20000.00, b'0'),
        (51, 2, 'Nguyễn Đình Lam', 'kiminonawa1305@gmail.com', '0855354919', 60, 596, 23044, '221 - Bình Đức - Phan Hiệp - Bắc Bình - Bình Thuận', 20000.00, b'0'),
        (52, 1, 'Nguyễn Đình Lam', 'kiminonawa1305@gmail.com', '0855354919', 60, 596, 23044, '221 - Bình Đức - Phan Hiệp - Bắc Bình - Bình Thuận', 20000.00, b'0'),
        (53, 1, 'Nguyễn Đình Lam', 'kiminonawa1305@gmail.com', '0855354919', 60, 596, 23044, '221 - Bình Đức - Phan Hiệp - Bắc Bình - Bình Thuận', 20000.00, b'0'),
        (54, 1, 'Nguyễn Đình Lam', 'kiminonawa1305@gmail.com', '0855354919', 60, 596, 23044, '221 - Bình Đức - Phan Hiệp - Bắc Bình - Bình Thuận', 20000.00, b'1'),
        (55, 1, 'Nguyễn Đình Lam', 'kiminonawa1305@gmail.com', '0855354919', 60, 596, 23044, '221 - Bình Đức - Phan Hiệp - Bắc Bình - Bình Thuận', 20000.00, b'0'),
        (56, 2, 'Nguyễn Đình Lam', 'kiminonawa1305@gmail.com', '0855354919', 60, 596, 23044, '221 - Bình Đức - Phan Hiệp - Bắc Bình - Bình Thuận', 20000.00, b'1'),
        (57, 3, 'Nguyễn Đình Lam', 'kiminonawa1305@gmail.com', '0855354919', 60, 596, 23044, '221 - Bình Đức - Phan Hiệp - Bắc Bình - Bình Thuận', 20000.00, b'1'),
        (58, 3, 'Nguyễn Đình Lam', 'kiminonawa1305@gmail.com', '0855354919', 60, 596, 23044, '221 - Bình Đức - Phan Hiệp - Bắc Bình - Bình Thuận', 20000.00, b'1'),
        (59, 1, 'Nguyễn Đình Lam', 'kiminonawa1305@gmail.com', '0855354919', 60, 596, 23044, '221 - Bình Đức - Phan Hiệp - Bắc Bình - Bình Thuận', 20000.00, b'0'),
        (60, 3, 'Nguyễn Đình Lam', 'kiminonawa1305@gmail.com', '0855354919', 60, 596, 23044, '221 - Bình Đức - Phan Hiệp - Bắc Bình - Bình Thuận', 20000.00, b'0'),
        (61, 1, 'Nguyễn Đình Lam', 'kiminonawa1305@gmail.com', '0855354919', 60, 596, 23044, '221 - Bình Đức - Phan Hiệp - Bắc Bình - Bình Thuận', 20000.00, b'0'),
        (62, 3, 'Nguyễn Đình Lam', 'kiminonawa1305@gmail.com', '0855354919', 60, 596, 23044, '221 - Bình Đức - Phan Hiệp - Bắc Bình - Bình Thuận', 20000.00, b'1'),
        (63, 2, 'Nguyễn Đình Lam', 'kiminonawa1305@gmail.com', '0855354919', 60, 596, 23044, '221 - Bình Đức - Phan Hiệp - Bắc Bình - Bình Thuận', 20000.00, b'0'),
        (64, 1, 'Nguyễn Đình Lam', 'kiminonawa1305@gmail.com', '0855354919', 60, 596, 23044, '221 - Bình Đức - Phan Hiệp - Bắc Bình - Bình Thuận', 20000.00, b'1'),
        (65, 3, 'Nguyễn Đình Lam', 'kiminonawa1305@gmail.com', '0855354919', 60, 596, 23044, '221 - Bình Đức - Phan Hiệp - Bắc Bình - Bình Thuận', 20000.00, b'0'),
        (66, 2, 'Nguyễn Đình Lam', 'kiminonawa1305@gmail.com', '0855354919', 60, 596, 23044, '221 - Bình Đức - Phan Hiệp - Bắc Bình - Bình Thuận', 20000.00, b'1'),
        (67, 3, 'Nguyễn Đình Lam', 'kiminonawa1305@gmail.com', '0855354919', 60, 596, 23044, '221 - Bình Đức - Phan Hiệp - Bắc Bình - Bình Thuận', 20000.00, b'1'),
        (68, 3, 'Nguyễn Đình Lam', 'kiminonawa1305@gmail.com', '0855354919', 60, 596, 23044, '221 - Bình Đức - Phan Hiệp - Bắc Bình - Bình Thuận', 20000.00, b'1'),
        (69, 1, 'Nguyễn Đình Lam', 'kiminonawa1305@gmail.com', '0855354919', 60, 596, 23044, '221 - Bình Đức - Phan Hiệp - Bắc Bình - Bình Thuận', 20000.00, b'1'),
        (70, 3, 'Nguyễn Đình Lam', 'kiminonawa1305@gmail.com', '0855354919', 60, 596, 23044, '221 - Bình Đức - Phan Hiệp - Bắc Bình - Bình Thuận', 20000.00, b'1'),
        (71, 4, 'Nguyễn Đình Lam', 'kiminonawa1305@gmail.com', '0855354919', 60, 596, 23044, '221 - Bình Đức - Phan Hiệp - Bắc Bình - Bình Thuận', 20000.00, b'0'),
        (72, 4, 'Nguyễn Đình Lam', 'kiminonawa1305@gmail.com', '0855354919', 60, 596, 23044, '221 - Bình Đức - Phan Hiệp - Bắc Bình - Bình Thuận', 20000.00, b'1'),
        (73, 1, 'Nguyễn Đình Lam', 'kiminonawa1305@gmail.com', '0855354919', 60, 596, 23044, '221 - Bình Đức - Phan Hiệp - Bắc Bình - Bình Thuận', 20000.00, b'1'),
        (74, 3, 'Nguyễn Đình Lam', 'kiminonawa1305@gmail.com', '0855354919', 60, 596, 23044, '221 - Bình Đức - Phan Hiệp - Bắc Bình - Bình Thuận', 20000.00, b'1'),
        (75, 3, 'Nguyễn Đình Lam', 'kiminonawa1305@gmail.com', '0855354919', 60, 596, 23044, '221 - Bình Đức - Phan Hiệp - Bắc Bình - Bình Thuận', 20000.00, b'1'),
        (76, 4, 'Nguyễn Đình Lam', 'kiminonawa1305@gmail.com', '0855354919', 60, 596, 23044, '221 - Bình Đức - Phan Hiệp - Bắc Bình - Bình Thuận', 20000.00, b'0'),
        (77, 2, 'Nguyễn Đình Lam', 'kiminonawa1305@gmail.com', '0855354919', 60, 596, 23044, '221 - Bình Đức - Phan Hiệp - Bắc Bình - Bình Thuận', 20000.00, b'0'),
        (78, 2, 'Nguyễn Đình Lam', 'kiminonawa1305@gmail.com', '0855354919', 60, 596, 23044, '221 - Bình Đức - Phan Hiệp - Bắc Bình - Bình Thuận', 20000.00, b'1'),
        (79, 3, 'Nguyễn Đình Lam', 'kiminonawa1305@gmail.com', '0855354919', 60, 596, 23044, '221 - Bình Đức - Phan Hiệp - Bắc Bình - Bình Thuận', 20000.00, b'1'),
        (80, 3, 'Nguyễn Đình Lam', 'kiminonawa1305@gmail.com', '0855354919', 60, 596, 23044, '221 - Bình Đức - Phan Hiệp - Bắc Bình - Bình Thuận', 20000.00, b'0'),
        (81, 4, 'Nguyễn Đình Lam', 'kiminonawa1305@gmail.com', '0855354919', 60, 596, 23044, '221 - Bình Đức - Phan Hiệp - Bắc Bình - Bình Thuận', 20000.00, b'0'),
        (82, 4, 'Nguyễn Đình Lam', 'kiminonawa1305@gmail.com', '0855354919', 60, 596, 23044, '221 - Bình Đức - Phan Hiệp - Bắc Bình - Bình Thuận', 20000.00, b'1'),
        (83, 4, 'Nguyễn Đình Lam', 'kiminonawa1305@gmail.com', '0855354919', 60, 596, 23044, '221 - Bình Đức - Phan Hiệp - Bắc Bình - Bình Thuận', 20000.00, b'1'),
        (84, 3, 'Nguyễn Đình Lam', 'kiminonawa1305@gmail.com', '0855354919', 60, 596, 23044, '221 - Bình Đức - Phan Hiệp - Bắc Bình - Bình Thuận', 20000.00, b'1'),
        (85, 1, 'Nguyễn Đình Lam', 'kiminonawa1305@gmail.com', '0855354919', 60, 596, 23044, '221 - Bình Đức - Phan Hiệp - Bắc Bình - Bình Thuận', 20000.00, b'1'),
        (86, 1, 'Nguyễn Đình Lam', 'kiminonawa1305@gmail.com', '0855354919', 60, 596, 23044, '221 - Bình Đức - Phan Hiệp - Bắc Bình - Bình Thuận', 20000.00, b'0'),
        (87, 1, 'Nguyễn Đình Lam', 'kiminonawa1305@gmail.com', '0855354919', 60, 596, 23044, '221 - Bình Đức - Phan Hiệp - Bắc Bình - Bình Thuận', 20000.00, b'1'),
        (88, 1, 'Nguyễn Đình Lam', 'kiminonawa1305@gmail.com', '0855354919', 60, 596, 23044, '221 - Bình Đức - Phan Hiệp - Bắc Bình - Bình Thuận', 20000.00, b'1'),
        (89, 1, 'Nguyễn Đình Lam', 'kiminonawa1305@gmail.com', '0855354919', 60, 596, 23044, '221 - Bình Đức - Phan Hiệp - Bắc Bình - Bình Thuận', 20000.00, b'0'),
        (90, 1, 'Nguyễn Đình Lam', 'kiminonawa1305@gmail.com', '0855354919', 60, 596, 23044, '221 - Bình Đức - Phan Hiệp - Bắc Bình - Bình Thuận', 20000.00, b'1'),
        (91, 4, 'Nguyễn Đình Lam', 'kiminonawa1305@gmail.com', '0855354919', 60, 596, 23044, '221 - Bình Đức - Phan Hiệp - Bắc Bình - Bình Thuận', 20000.00, b'1'),
        (92, 4, 'Nguyễn Đình Lam', 'kiminonawa1305@gmail.com', '0855354919', 60, 596, 23044, '221 - Bình Đức - Phan Hiệp - Bắc Bình - Bình Thuận', 20000.00, b'0'),
        (93, 3, 'Nguyễn Đình Lam', 'kiminonawa1305@gmail.com', '0855354919', 60, 596, 23044, '221 - Bình Đức - Phan Hiệp - Bắc Bình - Bình Thuận', 20000.00, b'1'),
        (94, 4, 'Nguyễn Đình Lam', 'kiminonawa1305@gmail.com', '0855354919', 60, 596, 23044, '221 - Bình Đức - Phan Hiệp - Bắc Bình - Bình Thuận', 20000.00, b'1'),
        (95, 2, 'Nguyễn Đình Lam', 'kiminonawa1305@gmail.com', '0855354919', 60, 596, 23044, '221 - Bình Đức - Phan Hiệp - Bắc Bình - Bình Thuận', 20000.00, b'1'),
        (96, 1, 'Nguyễn Đình Lam', 'kiminonawa1305@gmail.com', '0855354919', 60, 596, 23044, '221 - Bình Đức - Phan Hiệp - Bắc Bình - Bình Thuận', 20000.00, b'1'),
        (97, 2, 'Nguyễn Đình Lam', 'kiminonawa1305@gmail.com', '0855354919', 60, 596, 23044, '221 - Bình Đức - Phan Hiệp - Bắc Bình - Bình Thuận', 20000.00, b'1'),
        (98, 2, 'Nguyễn Đình Lam', 'kiminonawa1305@gmail.com', '0855354919', 60, 596, 23044, '221 - Bình Đức - Phan Hiệp - Bắc Bình - Bình Thuận', 20000.00, b'0'),
        (99, 3, 'Nguyễn Đình Lam', 'kiminonawa1305@gmail.com', '0855354919', 60, 596, 23044, '221 - Bình Đức - Phan Hiệp - Bắc Bình - Bình Thuận', 20000.00, b'1'),
        (100, 4, 'Nguyễn Đình Lam', 'kiminonawa1305@gmail.com', '0855354919', 60, 596, 23044, '221 - Bình Đức - Phan Hiệp - Bắc Bình - Bình Thuận', 20000.00, b'1');

    -- Dumping structure for table mat_kinh_kimi.bill_details
    CREATE TABLE IF NOT EXISTS `bill_details` (
      `id` int(11) NOT NULL AUTO_INCREMENT,
      `billId` int(11) DEFAULT NULL,
      `productId` int(11) DEFAULT NULL,
      `modelId` int(11) DEFAULT NULL,
      `quantity` int(11) DEFAULT NULL,
      `price` decimal(10,2) DEFAULT NULL,
      PRIMARY KEY (`id`),
      KEY `bill_details_billId_bills_id_fk` (`billId`),
      KEY `bill_details_productId_products_id_fk` (`productId`),
      KEY `FK_bill_details_models` (`modelId`),
      CONSTRAINT `FK_bill_details_models` FOREIGN KEY (`modelId`) REFERENCES `models` (`id`) ON DELETE NO ACTION ON UPDATE NO ACTION,
      CONSTRAINT `bill_details_billId_bills_id_fk` FOREIGN KEY (`billId`) REFERENCES `bills` (`id`) ON DELETE NO ACTION ON UPDATE NO ACTION,
      CONSTRAINT `bill_details_productId_products_id_fk` FOREIGN KEY (`productId`) REFERENCES `products` (`id`) ON DELETE NO ACTION ON UPDATE NO ACTION
    ) ENGINE=InnoDB AUTO_INCREMENT=101 DEFAULT CHARSET=utf8mb4 COLLATE=utf8mb4_general_ci;

    -- Dumping data for table mat_kinh_kimi.bill_details: ~100 rows (approximately)
    INSERT INTO `bill_details` (`id`, `billId`, `productId`, `modelId`, `quantity`, `price`) VALUES
        (1, 1, 242, 242, 7, 5615657.34),
        (2, 2, 330, 330, 10, 6173420.71),
        (3, 3, 89, 89, 7, 6418077.93),
        (4, 4, 301, 301, 8, 4915511.58),
        (5, 5, 285, 285, 7, 2280802.30),
        (6, 6, 109, 109, 3, 1479451.33),
        (7, 7, 258, 258, 1, 2198925.71),
        (8, 8, 193, 193, 7, 2794659.40),
        (9, 9, 363, 363, 1, 7301983.35),
        (10, 10, 270, 270, 3, 2416344.19),
        (11, 11, 160, 160, 8, 3931829.72),
        (12, 12, 221, 221, 5, 8236680.30),
        (13, 13, 302, 302, 2, 5285085.61),
        (14, 14, 128, 128, 4, 5418812.81),
        (15, 15, 175, 175, 6, 5326011.72),
        (16, 16, 321, 321, 9, 3552935.96),
        (17, 17, 201, 201, 4, 3132667.43),
        (18, 18, 175, 175, 1, 8951513.51),
        (19, 19, 78, 78, 5, 805749.46),
        (20, 20, 118, 118, 10, 5515719.15),
        (21, 21, 270, 270, 2, 7629934.47),
        (22, 22, 142, 142, 10, 415396.75),
        (23, 23, 84, 84, 1, 9255981.47),
        (24, 24, 325, 325, 10, 8264126.74),
        (25, 25, 304, 304, 5, 2441598.45),
        (26, 26, 29, 29, 9, 6589492.58),
        (27, 27, 274, 274, 9, 2579487.14),
        (28, 28, 286, 286, 7, 1773452.18),
        (29, 29, 295, 295, 5, 9987737.74),
        (30, 30, 361, 361, 8, 3349338.70),
        (31, 31, 78, 78, 5, 5845498.32),
        (32, 32, 327, 327, 5, 6586396.26),
        (33, 33, 330, 330, 1, 7638885.88),
        (34, 34, 163, 163, 10, 9508573.65),
        (35, 35, 219, 219, 5, 3014651.40),
        (36, 36, 58, 58, 10, 7568521.75),
        (37, 37, 174, 174, 6, 6813804.11),
        (38, 38, 352, 352, 1, 3373352.73),
        (39, 39, 294, 294, 9, 9738205.95),
        (40, 40, 114, 114, 3, 4501127.18),
        (41, 41, 10, 10, 4, 8490139.15),
        (42, 42, 347, 347, 2, 4236777.00),
        (43, 43, 105, 105, 1, 6299584.38),
        (44, 44, 45, 45, 4, 7058458.21),
        (45, 45, 162, 162, 6, 1728007.52),
        (46, 46, 81, 81, 3, 2227397.42),
        (47, 47, 354, 354, 10, 3747317.57),
        (48, 48, 316, 316, 1, 7715250.71),
        (49, 49, 24, 24, 9, 781281.58),
        (50, 50, 178, 178, 10, 2990522.32),
        (51, 51, 212, 212, 2, 6993905.97),
        (52, 52, 68, 68, 9, 8038263.25),
        (53, 53, 301, 301, 5, 4069925.07),
        (54, 54, 202, 202, 7, 5500344.15),
        (55, 55, 146, 146, 3, 9113138.64),
        (56, 56, 41, 41, 6, 3610897.40),
        (57, 57, 269, 269, 3, 2840295.39),
        (58, 58, 14, 14, 10, 3875118.82),
        (59, 59, 49, 49, 8, 6876876.67),
        (60, 60, 210, 210, 1, 8413384.78),
        (61, 61, 311, 311, 2, 1547249.76),
        (62, 62, 157, 157, 8, 6395504.76),
        (63, 63, 344, 344, 8, 8953812.37),
        (64, 64, 322, 322, 2, 6108382.43),
        (65, 65, 337, 337, 7, 1592662.62),
        (66, 66, 108, 108, 3, 1679862.68),
        (67, 67, 98, 98, 10, 649462.94),
        (68, 68, 222, 222, 9, 9800197.71),
        (69, 69, 56, 56, 10, 5807322.10),
        (70, 70, 354, 354, 4, 2870449.90),
        (71, 71, 112, 112, 6, 5355615.84),
        (72, 72, 72, 72, 4, 118206.58),
        (73, 73, 367, 367, 10, 7917019.24),
        (74, 74, 221, 221, 5, 1275032.64),
        (75, 75, 181, 181, 6, 7585209.13),
        (76, 76, 33, 33, 3, 4305205.67),
        (77, 77, 138, 138, 4, 1206054.81),
        (78, 78, 273, 273, 3, 5731999.19),
        (79, 79, 152, 152, 3, 3486527.65),
        (80, 80, 117, 117, 9, 7439293.96),
        (81, 81, 255, 255, 7, 8441650.76),
        (82, 82, 371, 371, 6, 3339474.24),
        (83, 83, 9, 9, 2, 429607.16),
        (84, 84, 366, 366, 6, 6414165.89),
        (85, 85, 244, 244, 2, 1827342.10),
        (86, 86, 82, 82, 9, 7574586.75),
        (87, 87, 312, 312, 1, 1563572.78),
        (88, 88, 99, 99, 9, 9014109.84),
        (89, 89, 184, 184, 9, 3080964.86),
        (90, 90, 363, 363, 2, 915710.36),
        (91, 91, 259, 259, 1, 5811619.81),
        (92, 92, 266, 266, 2, 5324186.70),
        (93, 93, 180, 180, 6, 2419214.60),
        (94, 94, 167, 167, 10, 254408.92),
        (95, 95, 67, 67, 8, 4760597.14),
        (96, 96, 353, 353, 1, 176593.69),
        (97, 97, 225, 225, 1, 9753939.64),
        (98, 98, 269, 269, 2, 6504667.37),
        (99, 99, 270, 270, 6, 9454354.85),
        (100, 100, 16, 16, 8, 5575584.40);

    -- Dumping structure for table mat_kinh_kimi.bill_statuses
    CREATE TABLE IF NOT EXISTS `bill_statuses` (
      `id` int(11) NOT NULL AUTO_INCREMENT,
      `billId` int(11) DEFAULT NULL,
      `date` datetime DEFAULT NULL,
      `status` varchar(50) DEFAULT NULL,
      `describe` varchar(255) DEFAULT NULL,
      `canEdit` bit(1) DEFAULT NULL,
      PRIMARY KEY (`id`),
      KEY `bill_statuses_billId_bills_id_fk` (`billId`),
      CONSTRAINT `bill_statuses_billId_bills_id_fk` FOREIGN KEY (`billId`) REFERENCES `bills` (`id`) ON DELETE NO ACTION ON UPDATE NO ACTION
    ) ENGINE=InnoDB AUTO_INCREMENT=101 DEFAULT CHARSET=utf8mb4 COLLATE=utf8mb4_general_ci;

    -- Dumping data for table mat_kinh_kimi.bill_statuses: ~100 rows (approximately)
    INSERT INTO `bill_statuses` (`id`, `billId`, `date`, `status`, `describe`, `canEdit`) VALUES
        (1, 1, '2023-10-24 06:19:10', 'Chờ xác nhận', 'Đơn hàng đang chờ xét duyệt!', b'1'),
        (2, 2, '2023-11-23 16:02:32', 'Chờ xác nhận', 'Đơn hàng đang chờ xét duyệt!', b'1'),
        (3, 3, '2023-02-02 20:06:29', 'Chờ xác nhận', 'Đơn hàng đang chờ xét duyệt!', b'1'),
        (4, 4, '2023-09-26 21:14:33', 'Chờ xác nhận', 'Đơn hàng đang chờ xét duyệt!', b'1'),
        (5, 5, '2023-07-06 17:01:54', 'Chờ xác nhận', 'Đơn hàng đang chờ xét duyệt!', b'1'),
        (6, 6, '2023-05-13 01:35:08', 'Chờ xác nhận', 'Đơn hàng đang chờ xét duyệt!', b'1'),
        (7, 7, '2023-04-27 15:25:10', 'Chờ xác nhận', 'Đơn hàng đang chờ xét duyệt!', b'1'),
        (8, 8, '2023-11-18 22:46:12', 'Chờ xác nhận', 'Đơn hàng đang chờ xét duyệt!', b'1'),
        (9, 9, '2023-07-01 15:11:04', 'Chờ xác nhận', 'Đơn hàng đang chờ xét duyệt!', b'1'),
        (10, 10, '2023-11-18 08:39:37', 'Chờ xác nhận', 'Đơn hàng đang chờ xét duyệt!', b'1'),
        (11, 11, '2023-08-09 17:43:35', 'Chờ xác nhận', 'Đơn hàng đang chờ xét duyệt!', b'1'),
        (12, 12, '2023-10-11 04:22:21', 'Chờ xác nhận', 'Đơn hàng đang chờ xét duyệt!', b'1'),
        (13, 13, '2023-05-14 03:24:58', 'Chờ xác nhận', 'Đơn hàng đang chờ xét duyệt!', b'1'),
        (14, 14, '2023-03-17 16:49:11', 'Chờ xác nhận', 'Đơn hàng đang chờ xét duyệt!', b'1'),
        (15, 15, '2023-01-01 15:47:13', 'Chờ xác nhận', 'Đơn hàng đang chờ xét duyệt!', b'1'),
        (16, 16, '2023-02-02 22:12:50', 'Chờ xác nhận', 'Đơn hàng đang chờ xét duyệt!', b'1'),
        (17, 17, '2023-12-05 12:24:40', 'Chờ xác nhận', 'Đơn hàng đang chờ xét duyệt!', b'1'),
        (18, 18, '2023-03-15 17:32:30', 'Chờ xác nhận', 'Đơn hàng đang chờ xét duyệt!', b'1'),
        (19, 19, '2023-04-16 22:37:45', 'Chờ xác nhận', 'Đơn hàng đang chờ xét duyệt!', b'1'),
        (20, 20, '2023-10-29 19:58:41', 'Chờ xác nhận', 'Đơn hàng đang chờ xét duyệt!', b'1'),
        (21, 21, '2023-03-05 00:03:39', 'Chờ xác nhận', 'Đơn hàng đang chờ xét duyệt!', b'1'),
        (22, 22, '2023-01-21 12:40:58', 'Chờ xác nhận', 'Đơn hàng đang chờ xét duyệt!', b'1'),
        (23, 23, '2023-03-12 04:14:57', 'Chờ xác nhận', 'Đơn hàng đang chờ xét duyệt!', b'1'),
        (24, 24, '2023-04-17 19:41:52', 'Chờ xác nhận', 'Đơn hàng đang chờ xét duyệt!', b'1'),
        (25, 25, '2023-04-04 00:36:29', 'Chờ xác nhận', 'Đơn hàng đang chờ xét duyệt!', b'1'),
        (26, 26, '2023-10-22 15:37:16', 'Chờ xác nhận', 'Đơn hàng đang chờ xét duyệt!', b'1'),
        (27, 27, '2023-09-22 00:17:20', 'Chờ xác nhận', 'Đơn hàng đang chờ xét duyệt!', b'1'),
        (28, 28, '2023-11-04 13:49:48', 'Chờ xác nhận', 'Đơn hàng đang chờ xét duyệt!', b'1'),
        (29, 29, '2023-09-16 04:27:04', 'Chờ xác nhận', 'Đơn hàng đang chờ xét duyệt!', b'1'),
        (30, 30, '2023-05-26 10:53:20', 'Chờ xác nhận', 'Đơn hàng đang chờ xét duyệt!', b'1'),
        (31, 31, '2023-09-03 20:21:19', 'Chờ xác nhận', 'Đơn hàng đang chờ xét duyệt!', b'1'),
        (32, 32, '2023-04-20 09:10:21', 'Chờ xác nhận', 'Đơn hàng đang chờ xét duyệt!', b'1'),
        (33, 33, '2023-03-01 04:40:50', 'Chờ xác nhận', 'Đơn hàng đang chờ xét duyệt!', b'1'),
        (34, 34, '2023-01-26 08:09:29', 'Chờ xác nhận', 'Đơn hàng đang chờ xét duyệt!', b'1'),
        (35, 35, '2023-06-18 08:07:29', 'Chờ xác nhận', 'Đơn hàng đang chờ xét duyệt!', b'1'),
        (36, 36, '2023-08-13 09:40:52', 'Chờ xác nhận', 'Đơn hàng đang chờ xét duyệt!', b'1'),
        (37, 37, '2023-06-19 01:09:37', 'Chờ xác nhận', 'Đơn hàng đang chờ xét duyệt!', b'1'),
        (38, 38, '2023-08-01 07:04:35', 'Chờ xác nhận', 'Đơn hàng đang chờ xét duyệt!', b'1'),
        (39, 39, '2023-10-18 05:25:45', 'Chờ xác nhận', 'Đơn hàng đang chờ xét duyệt!', b'1'),
        (40, 40, '2023-01-28 10:21:34', 'Chờ xác nhận', 'Đơn hàng đang chờ xét duyệt!', b'1'),
        (41, 41, '2023-09-14 11:36:39', 'Chờ xác nhận', 'Đơn hàng đang chờ xét duyệt!', b'1'),
        (42, 42, '2023-03-28 02:05:08', 'Chờ xác nhận', 'Đơn hàng đang chờ xét duyệt!', b'1'),
        (43, 43, '2023-06-17 06:46:53', 'Chờ xác nhận', 'Đơn hàng đang chờ xét duyệt!', b'1'),
        (44, 44, '2023-12-13 03:53:38', 'Chờ xác nhận', 'Đơn hàng đang chờ xét duyệt!', b'1'),
        (45, 45, '2023-11-02 15:28:16', 'Chờ xác nhận', 'Đơn hàng đang chờ xét duyệt!', b'1'),
        (46, 46, '2023-04-10 03:59:35', 'Chờ xác nhận', 'Đơn hàng đang chờ xét duyệt!', b'1'),
        (47, 47, '2023-04-25 22:11:45', 'Chờ xác nhận', 'Đơn hàng đang chờ xét duyệt!', b'1'),
        (48, 48, '2023-08-25 05:23:40', 'Chờ xác nhận', 'Đơn hàng đang chờ xét duyệt!', b'1'),
        (49, 49, '2023-04-10 00:43:11', 'Chờ xác nhận', 'Đơn hàng đang chờ xét duyệt!', b'1'),
        (50, 50, '2023-09-20 13:11:41', 'Chờ xác nhận', 'Đơn hàng đang chờ xét duyệt!', b'1'),
        (51, 51, '2023-09-13 05:11:25', 'Chờ xác nhận', 'Đơn hàng đang chờ xét duyệt!', b'1'),
        (52, 52, '2023-09-11 03:30:55', 'Chờ xác nhận', 'Đơn hàng đang chờ xét duyệt!', b'1'),
        (53, 53, '2023-09-03 22:38:23', 'Chờ xác nhận', 'Đơn hàng đang chờ xét duyệt!', b'1'),
        (54, 54, '2023-11-17 16:48:10', 'Chờ xác nhận', 'Đơn hàng đang chờ xét duyệt!', b'1'),
        (55, 55, '2023-08-02 04:22:07', 'Chờ xác nhận', 'Đơn hàng đang chờ xét duyệt!', b'1'),
        (56, 56, '2023-11-13 20:05:29', 'Chờ xác nhận', 'Đơn hàng đang chờ xét duyệt!', b'1'),
        (57, 57, '2023-11-15 20:08:22', 'Chờ xác nhận', 'Đơn hàng đang chờ xét duyệt!', b'1'),
        (58, 58, '2023-07-04 02:34:30', 'Chờ xác nhận', 'Đơn hàng đang chờ xét duyệt!', b'1'),
        (59, 59, '2023-04-08 22:28:35', 'Chờ xác nhận', 'Đơn hàng đang chờ xét duyệt!', b'1'),
        (60, 60, '2023-01-20 09:48:28', 'Chờ xác nhận', 'Đơn hàng đang chờ xét duyệt!', b'1'),
        (61, 61, '2023-03-25 01:43:40', 'Chờ xác nhận', 'Đơn hàng đang chờ xét duyệt!', b'1'),
        (62, 62, '2023-06-01 22:29:02', 'Chờ xác nhận', 'Đơn hàng đang chờ xét duyệt!', b'1'),
        (63, 63, '2023-02-18 04:06:27', 'Chờ xác nhận', 'Đơn hàng đang chờ xét duyệt!', b'1'),
        (64, 64, '2023-10-17 02:22:55', 'Chờ xác nhận', 'Đơn hàng đang chờ xét duyệt!', b'1'),
        (65, 65, '2023-03-05 06:52:32', 'Chờ xác nhận', 'Đơn hàng đang chờ xét duyệt!', b'1'),
        (66, 66, '2023-09-30 09:50:34', 'Chờ xác nhận', 'Đơn hàng đang chờ xét duyệt!', b'1'),
        (67, 67, '2023-06-16 17:58:16', 'Chờ xác nhận', 'Đơn hàng đang chờ xét duyệt!', b'1'),
        (68, 68, '2023-12-29 21:33:48', 'Chờ xác nhận', 'Đơn hàng đang chờ xét duyệt!', b'1'),
        (69, 69, '2023-02-11 01:34:20', 'Chờ xác nhận', 'Đơn hàng đang chờ xét duyệt!', b'1'),
        (70, 70, '2023-11-04 20:47:14', 'Chờ xác nhận', 'Đơn hàng đang chờ xét duyệt!', b'1'),
        (71, 71, '2023-11-22 14:46:08', 'Chờ xác nhận', 'Đơn hàng đang chờ xét duyệt!', b'1'),
        (72, 72, '2023-01-08 06:19:29', 'Chờ xác nhận', 'Đơn hàng đang chờ xét duyệt!', b'1'),
        (73, 73, '2023-10-19 06:42:14', 'Chờ xác nhận', 'Đơn hàng đang chờ xét duyệt!', b'1'),
        (74, 74, '2023-03-12 06:56:55', 'Chờ xác nhận', 'Đơn hàng đang chờ xét duyệt!', b'1'),
        (75, 75, '2023-06-19 00:45:42', 'Chờ xác nhận', 'Đơn hàng đang chờ xét duyệt!', b'1'),
        (76, 76, '2023-03-26 08:08:56', 'Chờ xác nhận', 'Đơn hàng đang chờ xét duyệt!', b'1'),
        (77, 77, '2023-11-07 08:42:37', 'Chờ xác nhận', 'Đơn hàng đang chờ xét duyệt!', b'1'),
        (78, 78, '2023-09-02 01:20:03', 'Chờ xác nhận', 'Đơn hàng đang chờ xét duyệt!', b'1'),
        (79, 79, '2023-08-08 07:56:42', 'Chờ xác nhận', 'Đơn hàng đang chờ xét duyệt!', b'1'),
        (80, 80, '2023-11-24 01:40:43', 'Chờ xác nhận', 'Đơn hàng đang chờ xét duyệt!', b'1'),
        (81, 81, '2023-04-28 05:25:46', 'Chờ xác nhận', 'Đơn hàng đang chờ xét duyệt!', b'1'),
        (82, 82, '2023-01-03 10:38:10', 'Chờ xác nhận', 'Đơn hàng đang chờ xét duyệt!', b'1'),
        (83, 83, '2023-01-10 11:43:52', 'Chờ xác nhận', 'Đơn hàng đang chờ xét duyệt!', b'1'),
        (84, 84, '2023-10-25 09:49:50', 'Chờ xác nhận', 'Đơn hàng đang chờ xét duyệt!', b'1'),
        (85, 85, '2023-05-04 15:05:19', 'Chờ xác nhận', 'Đơn hàng đang chờ xét duyệt!', b'1'),
        (86, 86, '2023-04-19 01:35:01', 'Chờ xác nhận', 'Đơn hàng đang chờ xét duyệt!', b'1'),
        (87, 87, '2023-09-11 09:03:32', 'Chờ xác nhận', 'Đơn hàng đang chờ xét duyệt!', b'1'),
        (88, 88, '2023-04-28 08:27:44', 'Chờ xác nhận', 'Đơn hàng đang chờ xét duyệt!', b'1'),
        (89, 89, '2023-12-02 21:44:46', 'Chờ xác nhận', 'Đơn hàng đang chờ xét duyệt!', b'1'),
        (90, 90, '2023-03-01 21:15:41', 'Chờ xác nhận', 'Đơn hàng đang chờ xét duyệt!', b'1'),
        (91, 91, '2023-03-06 22:40:05', 'Chờ xác nhận', 'Đơn hàng đang chờ xét duyệt!', b'1'),
        (92, 92, '2023-02-13 08:11:25', 'Chờ xác nhận', 'Đơn hàng đang chờ xét duyệt!', b'1'),
        (93, 93, '2023-01-20 19:40:27', 'Chờ xác nhận', 'Đơn hàng đang chờ xét duyệt!', b'1'),
        (94, 94, '2023-01-20 19:48:32', 'Chờ xác nhận', 'Đơn hàng đang chờ xét duyệt!', b'1'),
        (95, 95, '2023-09-16 00:51:56', 'Chờ xác nhận', 'Đơn hàng đang chờ xét duyệt!', b'1'),
        (96, 96, '2023-04-19 20:21:07', 'Chờ xác nhận', 'Đơn hàng đang chờ xét duyệt!', b'1'),
        (97, 97, '2023-05-28 19:02:17', 'Chờ xác nhận', 'Đơn hàng đang chờ xét duyệt!', b'1'),
        (98, 98, '2023-09-17 17:18:24', 'Chờ xác nhận', 'Đơn hàng đang chờ xét duyệt!', b'1'),
        (99, 99, '2023-02-16 08:14:17', 'Chờ xác nhận', 'Đơn hàng đang chờ xét duyệt!', b'1'),
        (100, 100, '2023-04-15 03:20:02', 'Chờ xác nhận', 'Đơn hàng đang chờ xét duyệt!', b'1');

    -- Dumping structure for table mat_kinh_kimi.categories
    CREATE TABLE IF NOT EXISTS `categories` (
      `id` int(11) NOT NULL AUTO_INCREMENT,
      `name` varchar(255) DEFAULT NULL,
      `categoryGroupId` int(11) DEFAULT NULL,
      PRIMARY KEY (`id`),
      KEY `categories_category_groups_category_group_id_fk` (`categoryGroupId`),
      CONSTRAINT `categories_category_groups_category_group_id_fk` FOREIGN KEY (`categoryGroupId`) REFERENCES `category_groups` (`id`) ON DELETE NO ACTION ON UPDATE NO ACTION
    ) ENGINE=InnoDB AUTO_INCREMENT=17 DEFAULT CHARSET=utf8mb4 COLLATE=utf8mb4_general_ci;

    -- Dumping data for table mat_kinh_kimi.categories: ~16 rows (approximately)
    INSERT INTO `categories` (`id`, `name`, `categoryGroupId`) VALUES
        (1, 'Kính mát nam', 1),
        (2, 'Kính mát nữ', 1),
        (3, 'Kính đi ngày và đêm', 1),
        (4, 'Kính đổi màu', 1),
        (5, 'Kính lọc ánh sáng xanh', 1),
        (6, 'Kính mắt clip on 2 lớp', 1),
        (7, 'Gọng kính trẻ en', 2),
        (8, 'Kính mát trẻ em', 2),
        (9, 'Gọng kính nữa khung', 3),
        (10, 'Gọng kính khoan', 3),
        (11, 'Gọng kính tròn', 3),
        (12, 'Gọng kính titan', 3),
        (13, 'Tròng kính chống ánh sáng xanh', 4),
        (14, 'Tròng kính đổi màu', 4),
        (15, 'Tròng kính màu', 4),
        (16, 'Tròng kính cho gọng khoan', 4);

    -- Dumping structure for table mat_kinh_kimi.category_groups
    CREATE TABLE IF NOT EXISTS `category_groups` (
      `id` int(11) NOT NULL,
      `name` varchar(255) DEFAULT NULL,
      PRIMARY KEY (`id`)
    ) ENGINE=InnoDB DEFAULT CHARSET=utf8mb4 COLLATE=utf8mb4_general_ci;

    -- Dumping data for table mat_kinh_kimi.category_groups: ~4 rows (approximately)
    INSERT INTO `category_groups` (`id`, `name`) VALUES
        (1, 'Kính mát'),
        (2, 'Mắt kính trẻ em'),
        (3, 'Gọng kính'),
        (4, 'Tròng kính');

    -- Dumping structure for table mat_kinh_kimi.models
    CREATE TABLE IF NOT EXISTS `models` (
      `id` int(11) NOT NULL AUTO_INCREMENT,
      `productId` int(11) DEFAULT NULL,
      `name` varchar(255) DEFAULT NULL,
      `urlImage` varchar(255) DEFAULT NULL,
      `quantity` int(11) DEFAULT NULL,
      PRIMARY KEY (`id`),
      KEY `models_prouductId_products_id_fk` (`productId`),
      CONSTRAINT `models_prouductId_products_id_fk` FOREIGN KEY (`productId`) REFERENCES `products` (`id`) ON DELETE NO ACTION ON UPDATE NO ACTION
    ) ENGINE=InnoDB AUTO_INCREMENT=373 DEFAULT CHARSET=utf8mb4 COLLATE=utf8mb4_general_ci;

    -- Dumping data for table mat_kinh_kimi.models: ~371 rows (approximately)
    INSERT INTO `models` (`id`, `productId`, `name`, `urlImage`, `quantity`) VALUES
        (1, 1, 'Mặc định', 'images\\product\\1\\0.png', 85),
        (2, 2, 'Mặc định', 'images\\product\\2\\0.jpg', 317),
        (3, 3, 'Mặc định', 'images\\product\\3\\0.jpg', 360),
        (4, 4, 'Mặc định', 'images\\product\\4\\0.jpg', 383),
        (5, 5, 'Mặc định', 'images\\product\\5\\0.jpg', 203),
        (6, 6, 'Mặc định', 'images\\product\\6\\0.jpg', 313),
        (7, 7, 'Mặc định', 'images\\product\\7\\0.jpg', 71),
        (8, 8, 'Mặc định', 'images\\product\\8\\0.jpg', 126),
        (9, 9, 'Mặc định', 'images\\product\\9\\0.jpg', 128),
        (10, 10, 'Mặc định', 'images\\product\\10\\0.jpg', 304),
        (11, 11, 'Mặc định', 'images\\product\\11\\0.jpg', 140),
        (12, 12, 'Mặc định', 'images\\product\\12\\0.jpg', 341),
        (13, 13, 'Mặc định', 'images\\product\\13\\0.jpg', 497),
        (14, 14, 'Mặc định', 'images\\product\\14\\0.jpg', 252),
        (15, 15, 'Mặc định', 'images\\product\\15\\0.jpg', 424),
        (16, 16, 'Mặc định', 'images\\product\\16\\0.jpg', 390),
        (17, 17, 'Mặc định', 'images\\product\\17\\0.jpg', 231),
        (18, 18, 'Mặc định', 'images\\product\\18\\0.jpg', 291),
        (19, 19, 'Mặc định', 'images\\product\\19\\0.jpg', 83),
        (20, 20, 'Mặc định', 'images\\product\\20\\0.jpg', 465),
        (21, 21, 'Mặc định', 'images\\product\\21\\0.jpg', 50),
        (22, 22, 'Mặc định', 'images\\product\\22\\0.jpg', 85),
        (23, 23, 'Mặc định', 'images\\product\\23\\0.jpg', 19),
        (24, 24, 'Mặc định', 'images\\product\\24\\0.jpg', 436),
        (25, 25, 'Mặc định', 'images\\product\\25\\0.jpg', 131),
        (26, 26, 'Mặc định', 'images\\product\\26\\0.jpg', 208),
        (27, 27, 'Mặc định', 'images\\product\\27\\0.jpg', 273),
        (28, 28, 'Mặc định', 'images\\product\\28\\0.jpg', 67),
        (29, 29, 'Mặc định', 'images\\product\\29\\0.jpg', 2),
        (30, 30, 'Mặc định', 'images\\product\\30\\0.jpg', 457),
        (31, 31, 'Mặc định', 'images\\product\\31\\0.jpg', 271),
        (32, 32, 'Mặc định', 'images\\product\\32\\0.jpg', 384),
        (33, 33, 'Mặc định', 'images\\product\\33\\0.jpg', 424),
        (34, 34, 'Mặc định', 'images\\product\\34\\0.jpg', 67),
        (35, 35, 'Mặc định', 'images\\product\\35\\0.jpg', 137),
        (36, 36, 'Mặc định', 'images\\product\\36\\0.jpg', 447),
        (37, 37, 'Mặc định', 'images\\product\\37\\0.jpg', 30),
        (38, 38, 'Mặc định', 'images\\product\\38\\0.jpg', 391),
        (39, 39, 'Mặc định', 'images\\product\\39\\0.jpg', 349),
        (40, 40, 'Mặc định', 'images\\product\\40\\0.jpg', 323),
        (41, 41, 'Mặc định', 'images\\product\\41\\0.jpg', 496),
        (42, 42, 'Mặc định', 'images\\product\\42\\0.jpg', 48),
        (43, 43, 'Mặc định', 'images\\product\\43\\0.jpg', 216),
        (44, 44, 'Mặc định', 'images\\product\\44\\0.jpg', 354),
        (45, 45, 'Mặc định', 'images\\product\\45\\0.jpg', 83),
        (46, 46, 'Mặc định', 'images\\product\\46\\0.jpg', 52),
        (47, 47, 'Mặc định', 'images\\product\\47\\0.jpg', 213),
        (48, 48, 'Mặc định', 'images\\product\\48\\0.jpg', 415),
        (49, 49, 'Mặc định', 'images\\product\\49\\0.jpg', 35),
        (50, 50, 'Mặc định', 'images\\product\\50\\0.jpg', 439),
        (51, 51, 'Mặc định', 'images\\product\\51\\0.jpg', 198),
        (52, 52, 'Mặc định', 'images\\product\\52\\0.jpg', 316),
        (53, 53, 'Mặc định', 'images\\product\\53\\0.jpg', 92),
        (54, 54, 'Mặc định', 'images\\product\\54\\0.jpg', 235),
        (55, 55, 'Mặc định', 'images\\product\\55\\0.jpg', 378),
        (56, 56, 'Mặc định', 'images\\product\\56\\0.jpg', 295),
        (57, 57, 'Mặc định', 'images\\product\\57\\0.jpg', 287),
        (58, 58, 'Mặc định', 'images\\product\\58\\0.jpg', 169),
        (59, 59, 'Mặc định', 'images\\product\\59\\0.jpg', 458),
        (60, 60, 'Mặc định', 'images\\product\\60\\0.jpg', 453),
        (61, 61, 'Mặc định', 'images\\product\\61\\0.jpg', 11),
        (62, 62, 'Mặc định', 'images\\product\\62\\0.jpg', 64),
        (63, 63, 'Mặc định', 'images\\product\\63\\0.jpg', 85),
        (64, 64, 'Mặc định', 'images\\product\\64\\0.jpg', 250),
        (65, 65, 'Mặc định', 'images\\product\\65\\0.jpg', 393),
        (66, 66, 'Mặc định', 'images\\product\\66\\0.jpg', 118),
        (67, 67, 'Mặc định', 'images\\product\\67\\0.jpg', 336),
        (68, 68, 'Mặc định', 'images\\product\\68\\0.jpg', 475),
        (69, 69, 'Mặc định', 'images\\product\\69\\0.jpg', 457),
        (70, 70, 'Mặc định', 'images\\product\\70\\0.jpg', 421),
        (71, 71, 'Mặc định', 'images\\product\\71\\0.jpg', 133),
        (72, 72, 'Mặc định', 'images\\product\\72\\0.jpg', 205),
        (73, 73, 'Mặc định', 'images\\product\\73\\0.jpg', 263),
        (74, 74, 'Mặc định', 'images\\product\\74\\0.jpg', 65),
        (75, 75, 'Mặc định', 'images\\product\\75\\0.jpg', 325),
        (76, 76, 'Mặc định', 'images\\product\\76\\0.jpg', 236),
        (77, 77, 'Mặc định', 'images\\product\\77\\0.jpg', 56),
        (78, 78, 'Mặc định', 'images\\product\\78\\0.jpg', 193),
        (79, 79, 'Mặc định', 'images\\product\\79\\0.jpg', 201),
        (80, 80, 'Mặc định', 'images\\product\\80\\0.jpg', 183),
        (81, 81, 'Mặc định', 'images\\product\\81\\0.jpg', 429),
        (82, 82, 'Mặc định', 'images\\product\\82\\0.jpg', 148),
        (83, 83, 'Mặc định', 'images\\product\\83\\0.jpg', 146),
        (84, 84, 'Mặc định', 'images\\product\\84\\0.jpg', 204),
        (85, 85, 'Mặc định', 'images\\product\\85\\0.jpg', 94),
        (86, 86, 'Mặc định', 'images\\product\\86\\0.jpg', 315),
        (87, 87, 'Mặc định', 'images\\product\\87\\0.jpg', 282),
        (88, 88, 'Mặc định', 'images\\product\\88\\0.jpg', 63),
        (89, 89, 'Mặc định', 'images\\product\\89\\0.jpg', 163),
        (90, 90, 'Mặc định', 'images\\product\\90\\0.jpg', 316),
        (91, 91, 'Mặc định', 'images\\product\\91\\0.jpg', 67),
        (92, 92, 'Mặc định', 'images\\product\\92\\0.jpg', 218),
        (93, 93, 'Mặc định', 'images\\product\\93\\0.jpg', 256),
        (94, 94, 'Mặc định', 'images\\product\\94\\0.jpg', 254),
        (95, 95, 'Mặc định', 'images\\product\\95\\0.jpg', 115),
        (96, 96, 'Mặc định', 'images\\product\\96\\0.jpg', 195),
        (97, 97, 'Mặc định', 'images\\product\\97\\0.jpg', 480),
        (98, 98, 'Mặc định', 'images\\product\\98\\0.jpg', 315),
        (99, 99, 'Mặc định', 'images\\product\\99\\0.jpg', 11),
        (101, 101, 'Mặc định', 'images\\product\\101\\0.jpg', 21),
        (102, 102, 'Mặc định', 'images\\product\\102\\0.jpg', 41),
        (103, 103, 'Mặc định', 'images\\product\\103\\0.jpg', 31),
        (104, 104, 'Mặc định', 'images\\product\\104\\0.jpg', 47),
        (105, 105, 'Mặc định', 'images\\product\\105\\0.jpg', 296),
        (106, 106, 'Mặc định', 'images\\product\\106\\0.jpg', 109),
        (107, 107, 'Mặc định', 'images\\product\\107\\0.jpg', 137),
        (108, 108, 'Mặc định', 'images\\product\\108\\0.jpg', 339),
        (109, 109, 'Mặc định', 'images\\product\\109\\0.jpg', 351),
        (110, 110, 'Mặc định', 'images\\product\\110\\0.jpg', 69),
        (111, 111, 'Mặc định', 'images\\product\\111\\0.jpg', 375),
        (112, 112, 'Mặc định', 'images\\product\\112\\0.jpg', 429),
        (113, 113, 'Mặc định', 'images\\product\\113\\0.jpg', 96),
        (114, 114, 'Mặc định', 'images\\product\\114\\0.jpg', 23),
        (115, 115, 'Mặc định', 'images\\product\\115\\0.jpg', 461),
        (116, 116, 'Mặc định', 'images\\product\\116\\0.jpg', 68),
        (117, 117, 'Mặc định', 'images\\product\\117\\0.jpg', 89),
        (118, 118, 'Mặc định', 'images\\product\\118\\0.jpg', 17),
        (119, 119, 'Mặc định', 'images\\product\\119\\0.jpg', 467),
        (120, 120, 'Mặc định', 'images\\product\\120\\0.jpg', 498),
        (121, 121, 'Mặc định', 'images\\product\\121\\0.jpg', 12),
        (122, 122, 'Mặc định', 'images\\product\\122\\0.jpg', 421),
        (123, 123, 'Mặc định', 'images\\product\\123\\0.jpg', 428),
        (124, 124, 'Mặc định', 'images\\product\\124\\0.jpg', 32),
        (125, 125, 'Mặc định', 'images\\product\\125\\0.jpg', 218),
        (126, 126, 'Mặc định', 'images\\product\\126\\0.jpg', 401),
        (127, 127, 'Mặc định', 'images\\product\\127\\0.jpg', 49),
        (128, 128, 'Mặc định', 'images\\product\\128\\0.jpg', 136),
        (129, 129, 'Mặc định', 'images\\product\\129\\0.jpg', 184),
        (130, 130, 'Mặc định', 'images\\product\\130\\0.jpg', 222),
        (131, 131, 'Mặc định', 'images\\product\\131\\0.jpg', 411),
        (132, 132, 'Mặc định', 'images\\product\\132\\0.jpg', 192),
        (133, 133, 'Mặc định', 'images\\product\\133\\0.jpg', 442),
        (134, 134, 'Mặc định', 'images\\product\\134\\0.jpg', 177),
        (135, 135, 'Mặc định', 'images\\product\\135\\0.jpg', 468),
        (136, 136, 'Mặc định', 'images\\product\\136\\0.jpg', 323),
        (137, 137, 'Mặc định', 'images\\product\\137\\0.jpg', 3),
        (138, 138, 'Mặc định', 'images\\product\\138\\0.jpg', 52),
        (139, 139, 'Mặc định', 'images\\product\\139\\0.jpg', 202),
        (140, 140, 'Mặc định', 'images\\product\\140\\0.jpg', 327),
        (141, 141, 'Mặc định', 'images\\product\\141\\0.jpg', 120),
        (142, 142, 'Mặc định', 'images\\product\\142\\0.jpg', 435),
        (143, 143, 'Mặc định', 'images\\product\\143\\0.jpg', 473),
        (144, 144, 'Mặc định', 'images\\product\\144\\0.jpg', 250),
        (145, 145, 'Mặc định', 'images\\product\\145\\0.jpg', 278),
        (146, 146, 'Mặc định', 'images\\product\\146\\0.jpg', 358),
        (147, 147, 'Mặc định', 'images\\product\\147\\0.jpg', 22),
        (148, 148, 'Mặc định', 'images\\product\\148\\0.jpg', 61),
        (149, 149, 'Mặc định', 'images\\product\\149\\0.jpg', 202),
        (150, 150, 'Mặc định', 'images\\product\\150\\0.jpg', 455),
        (151, 151, 'Mặc định', 'images\\product\\151\\0.jpg', 344),
        (152, 152, 'Mặc định', 'images\\product\\152\\0.jpg', 70),
        (153, 153, 'Mặc định', 'images\\product\\153\\0.jpg', 77),
        (154, 154, 'Mặc định', 'images\\product\\154\\0.jpg', 32),
        (155, 155, 'Mặc định', 'images\\product\\155\\0.jpg', 146),
        (156, 156, 'Mặc định', 'images\\product\\156\\0.jpg', 377),
        (157, 157, 'Mặc định', 'images\\product\\157\\0.jpg', 266),
        (158, 158, 'Mặc định', 'images\\product\\158\\0.jpg', 291),
        (159, 159, 'Mặc định', 'images\\product\\159\\0.jpg', 490),
        (160, 160, 'Mặc định', 'images\\product\\160\\0.jpg', 322),
        (161, 161, 'Mặc định', 'images\\product\\161\\0.jpg', 37),
        (162, 162, 'Mặc định', 'images\\product\\162\\0.jpg', 437),
        (163, 163, 'Mặc định', 'images\\product\\163\\0.jpg', 456),
        (164, 164, 'Mặc định', 'images\\product\\164\\0.jpg', 381),
        (165, 165, 'Mặc định', 'images\\product\\165\\0.jpg', 426),
        (166, 166, 'Mặc định', 'images\\product\\166\\0.jpg', 231),
        (167, 167, 'Mặc định', 'images\\product\\167\\0.jpg', 414),
        (168, 168, 'Mặc định', 'images\\product\\168\\0.jpg', 75),
        (169, 169, 'Mặc định', 'images\\product\\169\\0.jpg', 310),
        (170, 170, 'Mặc định', 'images\\product\\170\\0.jpg', 202),
        (171, 171, 'Mặc định', 'images\\product\\171\\0.jpg', 390),
        (172, 172, 'Mặc định', 'images\\product\\172\\0.jpg', 270),
        (173, 173, 'Mặc định', 'images\\product\\173\\0.jpg', 349),
        (174, 174, 'Mặc định', 'images\\product\\174\\0.jpg', 420),
        (175, 175, 'Mặc định', 'images\\product\\175\\0.jpg', 400),
        (176, 176, 'Mặc định', 'images\\product\\176\\0.jpg', 426),
        (177, 177, 'Mặc định', 'images\\product\\177\\0.jpg', 489),
        (178, 178, 'Mặc định', 'images\\product\\178\\0.jpg', 467),
        (179, 179, 'Mặc định', 'images\\product\\179\\0.jpg', 59),
        (180, 180, 'Mặc định', 'images\\product\\180\\0.jpg', 380),
        (181, 181, 'Mặc định', 'images\\product\\181\\0.jpg', 6),
        (182, 182, 'Mặc định', 'images\\product\\182\\0.jpg', 443),
        (183, 183, 'Mặc định', 'images\\product\\183\\0.jpg', 243),
        (184, 184, 'Mặc định', 'images\\product\\184\\0.jpg', 161),
        (185, 185, 'Mặc định', 'images\\product\\185\\0.jpg', 300),
        (186, 186, 'Mặc định', 'images\\product\\186\\0.jpg', 330),
        (187, 187, 'Mặc định', 'images\\product\\187\\0.jpg', 37),
        (188, 188, 'Mặc định', 'images\\product\\188\\0.jpg', 197),
        (189, 189, 'Mặc định', 'images\\product\\189\\0.jpg', 414),
        (190, 190, 'Mặc định', 'images\\product\\190\\0.jpg', 257),
        (191, 191, 'Mặc định', 'images\\product\\191\\0.jpg', 212),
        (192, 192, 'Mặc định', 'images\\product\\192\\0.jpg', 75),
        (193, 193, 'Mặc định', 'images\\product\\193\\0.jpg', 160),
        (194, 194, 'Mặc định', 'images\\product\\194\\0.jpg', 245),
        (195, 195, 'Mặc định', 'images\\product\\195\\0.jpg', 424),
        (196, 196, 'Mặc định', 'images\\product\\196\\0.jpg', 463),
        (197, 197, 'Mặc định', 'images\\product\\197\\0.jpg', 466),
        (198, 198, 'Mặc định', 'images\\product\\198\\0.jpg', 474),
        (199, 199, 'Mặc định', 'images\\product\\199\\0.jpg', 498),
        (200, 200, 'Mặc định', 'images\\product\\200\\0.jpg', 440),
        (201, 201, 'Mặc định', 'images\\product\\201\\0.jpg', 298),
        (202, 202, 'Mặc định', 'images\\product\\202\\0.jpg', 497),
        (203, 203, 'Mặc định', 'images\\product\\203\\0.jpg', 212),
        (204, 204, 'Mặc định', 'images\\product\\204\\0.jpg', 134),
        (205, 205, 'Mặc định', 'images\\product\\205\\0.jpg', 385),
        (206, 206, 'Mặc định', 'images\\product\\206\\0.jpg', 84),
        (207, 207, 'Mặc định', 'images\\product\\207\\0.jpg', 22),
        (208, 208, 'Mặc định', 'images\\product\\208\\0.jpg', 147),
        (209, 209, 'Mặc định', 'images\\product\\209\\0.jpg', 51),
        (210, 210, 'Mặc định', 'images\\product\\210\\0.jpg', 435),
        (211, 211, 'Mặc định', 'images\\product\\211\\0.jpg', 203),
        (212, 212, 'Mặc định', 'images\\product\\212\\0.jpg', 30),
        (213, 213, 'Mặc định', 'images\\product\\213\\0.jpg', 412),
        (214, 214, 'Mặc định', 'images\\product\\214\\0.jpg', 312),
        (215, 215, 'Mặc định', 'images\\product\\215\\0.jpg', 213),
        (216, 216, 'Mặc định', 'images\\product\\216\\0.jpg', 200),
        (217, 217, 'Mặc định', 'images\\product\\217\\0.png', 321),
        (218, 218, 'Mặc định', 'images\\product\\218\\0.png', 187),
        (219, 219, 'Mặc định', 'images\\product\\219\\0.png', 235),
        (220, 220, 'Mặc định', 'images\\product\\220\\0.png', 283),
        (221, 221, 'Mặc định', 'images\\product\\221\\0.png', 230),
        (222, 222, 'Mặc định', 'images\\product\\222\\0.png', 152),
        (223, 223, 'Mặc định', 'images\\product\\223\\0.png', 235),
        (224, 224, 'Mặc định', 'images\\product\\224\\0.png', 283),
        (225, 225, 'Mặc định', 'images\\product\\225\\0.png', 190),
        (226, 226, 'Mặc định', 'images\\product\\226\\0.png', 470),
        (227, 227, 'Mặc định', 'images\\product\\227\\0.png', 259),
        (228, 228, 'Mặc định', 'images\\product\\228\\0.png', 21),
        (229, 229, 'Mặc định', 'images\\product\\229\\0.png', 242),
        (230, 230, 'Mặc định', 'images\\product\\230\\0.png', 313),
        (231, 231, 'Mặc định', 'images\\product\\231\\0.png', 237),
        (232, 232, 'Mặc định', 'images\\product\\232\\0.png', 196),
        (233, 233, 'Mặc định', 'images\\product\\233\\0.png', 419),
        (234, 234, 'Mặc định', 'images\\product\\234\\0.png', 201),
        (235, 235, 'Mặc định', 'images\\product\\235\\0.png', 380),
        (236, 236, 'Mặc định', 'images\\product\\236\\0.png', 312),
        (237, 237, 'Mặc định', 'images\\product\\237\\0.png', 442),
        (238, 238, 'Mặc định', 'images\\product\\238\\0.png', 86),
        (239, 239, 'Mặc định', 'images\\product\\239\\0.png', 370),
        (240, 240, 'Mặc định', 'images\\product\\240\\0.png', 46),
        (241, 241, 'Mặc định', 'images\\product\\241\\0.png', 101),
        (242, 242, 'Mặc định', 'images\\product\\242\\0.png', 379),
        (243, 243, 'Mặc định', 'images\\product\\243\\0.png', 178),
        (244, 244, 'Mặc định', 'images\\product\\244\\0.png', 441),
        (245, 245, 'Mặc định', 'images\\product\\245\\0.png', 487),
        (246, 246, 'Mặc định', 'images\\product\\246\\0.png', 382),
        (247, 247, 'Mặc định', 'images\\product\\247\\0.png', 376),
        (248, 248, 'Mặc định', 'images\\product\\248\\0.png', 118),
        (249, 249, 'Mặc định', 'images\\product\\249\\0.png', 308),
        (250, 250, 'Mặc định', 'images\\product\\250\\0.png', 257),
        (251, 251, 'Mặc định', 'images\\product\\251\\0.png', 122),
        (252, 252, 'Mặc định', 'images\\product\\252\\0.png', 469),
        (253, 253, 'Mặc định', 'images\\product\\253\\0.png', 151),
        (254, 254, 'Mặc định', 'images\\product\\254\\0.png', 271),
        (255, 255, 'Mặc định', 'images\\product\\255\\0.png', 12),
        (256, 256, 'Mặc định', 'images\\product\\256\\0.png', 262),
        (257, 257, 'Mặc định', 'images\\product\\257\\0.png', 32),
        (258, 258, 'Mặc định', 'images\\product\\258\\0.png', 437),
        (259, 259, 'Mặc định', 'images\\product\\259\\0.png', 318),
        (260, 260, 'Mặc định', 'images\\product\\260\\0.png', 364),
        (261, 261, 'Mặc định', 'images\\product\\261\\0.png', 12),
        (262, 262, 'Mặc định', 'images\\product\\262\\0.png', 30),
        (263, 263, 'Mặc định', 'images\\product\\263\\0.png', 79),
        (264, 264, 'Mặc định', 'images\\product\\264\\0.jpg', 434),
        (265, 265, 'Mặc định', 'images\\product\\265\\0.jpg', 148),
        (266, 266, 'Mặc định', 'images\\product\\266\\0.png', 438),
        (267, 267, 'Mặc định', 'images\\product\\267\\0.png', 268),
        (268, 268, 'Mặc định', 'images\\product\\268\\0.png', 295),
        (269, 269, 'Mặc định', 'images\\product\\269\\0.jpg', 37),
        (270, 270, 'Mặc định', 'images\\product\\270\\0.jpg', 382),
        (271, 271, 'Mặc định', 'images\\product\\271\\0.jpg', 259),
        (272, 272, 'Mặc định', 'images\\product\\272\\0.png', 160),
        (273, 273, 'Mặc định', 'images\\product\\273\\0.jpg', 444),
        (274, 274, 'Mặc định', 'images\\product\\274\\0.jpg', 118),
        (275, 275, 'Mặc định', 'images\\product\\275\\0.jpg', 47),
        (276, 276, 'Mặc định', 'images\\product\\276\\0.png', 452),
        (277, 277, 'Mặc định', 'images\\product\\277\\0.png', 320),
        (278, 278, 'Mặc định', 'images\\product\\278\\0.png', 4),
        (279, 279, 'Mặc định', 'images\\product\\279\\0.png', 326),
        (280, 280, 'Mặc định', 'images\\product\\280\\0.png', 39),
        (281, 281, 'Mặc định', 'images\\product\\281\\0.jpg', 76),
        (282, 282, 'Mặc định', 'images\\product\\282\\0.jpg', 273),
        (283, 283, 'Mặc định', 'images\\product\\283\\0.jpg', 219),
        (284, 284, 'Mặc định', 'images\\product\\284\\0.png', 325),
        (285, 285, 'Mặc định', 'images\\product\\285\\0.jpg', 401),
        (286, 286, 'Mặc định', 'images\\product\\286\\0.jpg', 335),
        (287, 287, 'Mặc định', 'images\\product\\287\\0.jpg', 403),
        (288, 288, 'Mặc định', 'images\\product\\288\\0.jpg', 346),
        (289, 289, 'Mặc định', 'images\\product\\289\\0.jpg', 217),
        (290, 290, 'Mặc định', 'images\\product\\290\\0.jpg', 124),
        (291, 291, 'Mặc định', 'images\\product\\291\\0.png', 247),
        (292, 292, 'Mặc định', 'images\\product\\292\\0.png', 184),
        (293, 293, 'Mặc định', 'images\\product\\293\\0.jpg', 343),
        (294, 294, 'Mặc định', 'images\\product\\294\\0.jpg', 101),
        (295, 295, 'Mặc định', 'images\\product\\295\\0.jpg', 148),
        (296, 296, 'Mặc định', 'images\\product\\296\\0.png', 7),
        (297, 297, 'Mặc định', 'images\\product\\297\\0.png', 172),
        (298, 298, 'Mặc định', 'images\\product\\298\\0.png', 253),
        (299, 299, 'Mặc định', 'images\\product\\299\\0.png', 378),
        (300, 300, 'Mặc định', 'images\\product\\300\\0.png', 159),
        (301, 301, 'Mặc định', 'images\\product\\301\\0.png', 159),
        (302, 302, 'Mặc định', 'images\\product\\302\\0.png', 22),
        (303, 303, 'Mặc định', 'images\\product\\303\\0.png', 249),
        (304, 304, 'Mặc định', 'images\\product\\304\\0.png', 419),
        (305, 305, 'Mặc định', 'images\\product\\305\\0.png', 130),
        (306, 306, 'Mặc định', 'images\\product\\306\\0.png', 349),
        (307, 307, 'Mặc định', 'images\\product\\307\\0.png', 353),
        (308, 308, 'Mặc định', 'images\\product\\308\\0.png', 172),
        (309, 309, 'Mặc định', 'images\\product\\309\\0.png', 40),
        (310, 310, 'Mặc định', 'images\\product\\310\\0.png', 211),
        (311, 311, 'Mặc định', 'images\\product\\311\\0.png', 348),
        (312, 312, 'Mặc định', 'images\\product\\312\\0.png', 274),
        (313, 313, 'Mặc định', 'images\\product\\313\\0.png', 32),
        (314, 314, 'Mặc định', 'images\\product\\314\\0.png', 138),
        (315, 315, 'Mặc định', 'images\\product\\315\\0.png', 120),
        (316, 316, 'Mặc định', 'images\\product\\316\\0.png', 438),
        (317, 317, 'Mặc định', 'images\\product\\317\\0.png', 324),
        (318, 318, 'Mặc định', 'images\\product\\318\\0.png', 165),
        (319, 319, 'Mặc định', 'images\\product\\319\\0.png', 274),
        (320, 320, 'Mặc định', 'images\\product\\320\\0.png', 314),
        (321, 321, 'Mặc định', 'images\\product\\321\\0.png', 75),
        (322, 322, 'Mặc định', 'images\\product\\322\\0.png', 417),
        (323, 323, 'Mặc định', 'images\\product\\323\\0.png', 85),
        (324, 324, 'Mặc định', 'images\\product\\324\\0.png', 126),
        (325, 325, 'Mặc định', 'images\\product\\325\\0.png', 90),
        (326, 326, 'Mặc định', 'images\\product\\326\\0.png', 283),
        (327, 327, 'Mặc định', 'images\\product\\327\\0.png', 253),
        (328, 328, 'Mặc định', 'images\\product\\328\\0.png', 133),
        (329, 329, 'Mặc định', 'images\\product\\329\\0.png', 39),
        (330, 330, 'Mặc định', 'images\\product\\330\\0.png', 26),
        (331, 331, 'Mặc định', 'images\\product\\331\\0.png', 155),
        (332, 332, 'Mặc định', 'images\\product\\332\\0.png', 173),
        (333, 333, 'Mặc định', 'images\\product\\333\\0.png', 79),
        (334, 334, 'Mặc định', 'images\\product\\334\\0.png', 263),
        (335, 335, 'Mặc định', 'images\\product\\335\\0.png', 63),
        (336, 336, 'Mặc định', 'images\\product\\336\\0.png', 335),
        (337, 337, 'Mặc định', 'images\\product\\337\\0.png', 93),
        (338, 338, 'Mặc định', 'images\\product\\338\\0.png', 9),
        (339, 339, 'Mặc định', 'images\\product\\339\\0.png', 325),
        (340, 340, 'Mặc định', 'images\\product\\340\\0.png', 259),
        (341, 341, 'Mặc định', 'images\\product\\341\\0.png', 140),
        (342, 342, 'Mặc định', 'images\\product\\342\\0.png', 229),
        (343, 343, 'Mặc định', 'images\\product\\343\\0.png', 157),
        (344, 344, 'Mặc định', 'images\\product\\344\\0.png', 36),
        (345, 345, 'Mặc định', 'images\\product\\345\\0.png', 399),
        (346, 346, 'Mặc định', 'images\\product\\346\\0.png', 429),
        (347, 347, 'Mặc định', 'images\\product\\347\\0.png', 378),
        (348, 348, 'Mặc định', 'images\\product\\348\\0.png', 404),
        (349, 349, 'Mặc định', 'images\\product\\349\\0.png', 105),
        (350, 350, 'Mặc định', 'images\\product\\350\\0.png', 454),
        (351, 351, 'Mặc định', 'images\\product\\351\\0.png', 402),
        (352, 352, 'Mặc định', 'images\\product\\352\\0.png', 101),
        (353, 353, 'Mặc định', 'images\\product\\353\\0.png', 304),
        (354, 354, 'Mặc định', 'images\\product\\354\\0.png', 67),
        (355, 355, 'Mặc định', 'images\\product\\355\\0.png', 170),
        (356, 356, 'Mặc định', 'images\\product\\356\\0.png', 42),
        (357, 357, 'Mặc định', 'images\\product\\357\\0.png', 222),
        (358, 358, 'Mặc định', 'images\\product\\358\\0.png', 17),
        (359, 359, 'Mặc định', 'images\\product\\359\\0.png', 119),
        (360, 360, 'Mặc định', 'images\\product\\360\\0.png', 219),
        (361, 361, 'Mặc định', 'images\\product\\361\\0.png', 102),
        (362, 362, 'Mặc định', 'images\\product\\362\\0.png', 376),
        (363, 363, 'Mặc định', 'images\\product\\363\\0.png', 99),
        (364, 364, 'Mặc định', 'images\\product\\364\\0.png', 465),
        (365, 365, 'Mặc định', 'images\\product\\365\\0.png', 433),
        (366, 366, 'Mặc định', 'images\\product\\366\\0.png', 255),
        (367, 367, 'Mặc định', 'images\\product\\367\\0.png', 99),
        (368, 368, 'Mặc định', 'images\\product\\368\\0.png', 219),
        (369, 369, 'Mặc định', 'images\\product\\369\\0.png', 285),
        (370, 370, 'Mặc định', 'images\\product\\370\\0.png', 117),
        (371, 371, 'Mặc định', 'images\\product\\371\\0.png', 191),
        (372, 372, 'Mặc định', 'images\\product\\372\\0.png', 487);

    -- Dumping structure for table mat_kinh_kimi.products
    CREATE TABLE IF NOT EXISTS `products` (
      `id` int(11) NOT NULL AUTO_INCREMENT,
      `categoryId` int(11) DEFAULT NULL,
      `name` varchar(255) DEFAULT NULL,
      `brandName` varchar(255) DEFAULT NULL,
      `price` decimal(10,2) DEFAULT 0.00,
      `describe` longtext DEFAULT NULL,
      `material` varchar(255) DEFAULT NULL,
      `type` varchar(255) DEFAULT NULL,
      `delete` bit(1) NOT NULL,
      PRIMARY KEY (`id`),
      KEY `products_categoryId_categories_id_fk` (`categoryId`),
      CONSTRAINT `FK_products_categories` FOREIGN KEY (`categoryId`) REFERENCES `categories` (`id`) ON DELETE NO ACTION ON UPDATE NO ACTION
    ) ENGINE=InnoDB AUTO_INCREMENT=10001 DEFAULT CHARSET=utf8mb4 COLLATE=utf8mb4_general_ci;

    -- Dumping data for table mat_kinh_kimi.products: ~371 rows (approximately)
    INSERT INTO `products` (`id`, `categoryId`, `name`, `brandName`, `price`, `describe`, `material`, `type`, `delete`) VALUES
        (1, 11, 'Bread Cranberry Foccacia', 'equaline antacid', 7147917.06, 'orci nullam molestie nibh in lectus pellentesque at nulla suspendisse potenti cras in purus eu', 'Wood', 'Tam giác', b'1'),
        (2, 5, 'Cocoa Powder - Natural', 'Ibuprofen', 6236348.33, 'dolor sit amet consectetuer adipiscing elit proin risus praesent lectus vestibulum quam sapien varius ut blandit non', 'Plexiglass', 'Tròn', b'1'),
        (3, 13, 'Pasta - Fettuccine, Egg, Fresh', 'ARNICA MONTANA', 3211237.16, 'justo pellentesque viverra pede ac diam cras pellentesque volutpat dui maecenas tristique', 'Plastic', 'Vuông', b'0'),
        (4, 7, 'Bread - Sticks, Thin, Plain', 'CALCITONIN SALMON', 1743132.34, 'sapien varius ut blandit non interdum in ante vestibulum ante ipsum primis in faucibus orci luctus et ultrices', 'Brass', 'Con vật', b'1'),
        (5, 8, 'Roe - Lump Fish, Black', 'Ondansetron', 6771405.22, 'tincidunt eget tempus vel pede morbi porttitor lorem id ligula suspendisse ornare consequat', 'Wood', 'khác', b'0'),
        (6, 16, 'Beets - Mini Golden', 'Nuts and Seeds Intolerances', 8738470.50, 'sed accumsan felis ut at dolor quis odio consequat varius integer ac leo pellentesque ultrices mattis odio donec vitae', 'Rubber', 'Tròn', b'1'),
        (7, 9, 'Dc - Sakura Fu', 'BiferaRx', 2200520.91, 'nulla suspendisse potenti cras in purus eu magna vulputate luctus cum sociis natoque penatibus et magnis dis', 'Rubber', 'khác', b'1'),
        (8, 5, 'Sprite - 355 Ml', 'Leflunomide', 2271862.40, 'consectetuer adipiscing elit proin risus praesent lectus vestibulum quam sapien', 'Plexiglass', 'Vuông', b'1'),
        (9, 9, 'Napkin - Beverage 1 Ply', 'Fentanyl Citrate', 128219.27, 'nunc viverra dapibus nulla suscipit ligula in lacus curabitur at ipsum', 'Wood', 'Tròn', b'1'),
        (10, 15, 'Crab - Claws, Snow 16 - 24', 'FERROUS SULFATE', 2206181.12, 'et ultrices posuere cubilia curae mauris viverra diam vitae quam suspendisse potenti nullam', 'Wood', 'Tròn', b'1'),
        (11, 11, 'Cocoa Butter', 'Olanzapine', 8619979.79, 'massa donec dapibus duis at velit eu est congue elementum in hac habitasse platea dictumst morbi vestibulum velit id', 'Glass', 'Con vật', b'1'),
        (12, 14, 'Worcestershire Sauce', 'Ondansetron', 8156145.44, 'pulvinar lobortis est phasellus sit amet erat nulla tempus vivamus in felis eu sapien cursus vestibulum proin eu mi nulla', 'Vinyl', 'Tròn', b'1'),
        (13, 15, 'Truffle Cups - White Paper', 'CVS Fast Acting Baby Teething', 2551594.35, 'faucibus orci luctus et ultrices posuere cubilia curae donec pharetra magna vestibulum', 'Stone', 'Vuông', b'1'),
        (14, 13, 'Cleaner - Comet', 'Ketorolac Tromethamine', 8126853.96, 'quisque ut erat curabitur gravida nisi at nibh in hac habitasse platea dictumst aliquam augue quam sollicitudin', 'Vinyl', 'khác', b'1'),
        (15, 8, 'Shopper Bag - S - 4', 'Fresh PearSilk Antibacterial Foaming Hand', 2074149.11, 'magna ac consequat metus sapien ut nunc vestibulum ante ipsum primis in faucibus orci luctus', 'Stone', 'Tròn', b'0'),
        (16, 3, 'Tart - Lemon', 'Dextroamphetamine Saccharate, Amphetamine Aspartate Monohydrate, Dextroamphetamine Sulfate and Amphetamine Sulfate', 9316864.01, 'arcu sed augue aliquam erat volutpat in congue etiam justo etiam pretium', 'Rubber', 'Con vật', b'0'),
        (17, 6, 'Artichokes - Jerusalem', 'MoviPrep', 3039021.45, 'lorem quisque ut erat curabitur gravida nisi at nibh in hac habitasse platea dictumst aliquam augue quam', 'Plastic', 'Tam giác', b'0'),
        (18, 4, 'Gherkin', 'My Way', 3287229.40, 'vestibulum ante ipsum primis in faucibus orci luctus et ultrices posuere cubilia curae donec pharetra magna vestibulum', 'Plastic', 'khác', b'1'),
        (19, 8, 'Sobe - Tropical Energy', 'DDF', 1132419.98, 'curae donec pharetra magna vestibulum aliquet ultrices erat tortor sollicitudin mi sit amet lobortis sapien sapien', 'Vinyl', 'Vuông', b'1'),
        (20, 6, 'Chef Hat 20cm', 'Diphenhydramine', 3012573.48, 'molestie lorem quisque ut erat curabitur gravida nisi at nibh in hac habitasse platea', 'Wood', 'Tròn', b'1'),
        (21, 13, 'Rabbit - Legs', 'Artichoke', 5076228.91, 'iaculis congue vivamus metus arcu adipiscing molestie hendrerit at vulputate vitae nisl aenean lectus pellentesque eget nunc donec quis', 'Granite', 'Con vật', b'1'),
        (22, 14, 'Beans - French', 'Speed Stick', 2560604.51, 'elit sodales scelerisque mauris sit amet eros suspendisse accumsan tortor quis turpis', 'Stone', 'Tròn', b'1'),
        (23, 5, 'Water - Evian 355 Ml', 'RITUALS precious mineral foundation broad spectrum SPF 15 sunscreen SHADE 11', 3064807.66, 'ut erat curabitur gravida nisi at nibh in hac habitasse', 'Plexiglass', 'Con vật', b'0'),
        (24, 5, 'Bread - Pain Au Liat X12', 'Orajel Nighttime Instant Relief for Teething Pain', 6536593.65, 'aenean fermentum donec ut mauris eget massa tempor convallis nulla', 'Wood', 'Tam giác', b'1'),
        (25, 1, 'Beef - Short Loin', 'Fiber Lax', 6260765.47, 'libero quis orci nullam molestie nibh in lectus pellentesque at nulla suspendisse potenti cras in purus eu', 'Wood', 'Tròn', b'1'),
        (26, 2, 'Crackers - Water', 'studio 35 beauty', 2629625.09, 'justo etiam pretium iaculis justo in hac habitasse platea dictumst etiam faucibus cursus urna ut tellus', 'Aluminum', 'khác', b'1'),
        (27, 1, 'Puree - Mango', 'Glyburide', 6957551.76, 'eu sapien cursus vestibulum proin eu mi nulla ac enim', 'Vinyl', 'Vuông', b'0'),
        (28, 12, 'Sauce - Bernaise, Mix', 'ALCOHOL WIPE', 7164552.27, 'platea dictumst maecenas ut massa quis augue luctus tincidunt nulla mollis molestie', 'Plastic', 'Tam giác', b'1'),
        (29, 1, 'Mushroom - White Button', 'Shopko Antibacterial Hand Sanitizer', 380273.37, 'ipsum dolor sit amet consectetuer adipiscing elit proin risus praesent lectus vestibulum quam sapien varius', 'Steel', 'Tròn', b'0'),
        (30, 15, 'Apple - Delicious, Red', 'Mag-AL Plus', 7460414.01, 'luctus cum sociis natoque penatibus et magnis dis parturient montes nascetur ridiculus mus vivamus vestibulum sagittis sapien cum', 'Glass', 'Tròn', b'1'),
        (31, 1, 'Beer - Mill St Organic', 'Red Mulberry', 4141956.48, 'etiam pretium iaculis justo in hac habitasse platea dictumst etiam faucibus cursus urna ut tellus nulla', 'Vinyl', 'khác', b'0'),
        (32, 14, 'Pumpkin - Seed', 'Clarithromycin', 1891747.83, 'ut blandit non interdum in ante vestibulum ante ipsum primis in faucibus orci luctus et', 'Plexiglass', 'Con vật', b'0'),
        (33, 2, 'Seedlings - Mix, Organic', 'pain relief', 9360309.25, 'vel est donec odio justo sollicitudin ut suscipit a feugiat', 'Aluminum', 'Con vật', b'0'),
        (34, 7, 'Flour - All Purpose', 'METFORMIN HYDROCHLORIDE', 6119163.34, 'turpis eget elit sodales scelerisque mauris sit amet eros suspendisse accumsan', 'Brass', 'khác', b'0'),
        (35, 11, 'Sunflower Seed Raw', 'Zaleplon', 1285900.82, 'at nibh in hac habitasse platea dictumst aliquam augue quam sollicitudin vitae consectetuer eget rutrum', 'Plexiglass', 'Con vật', b'1'),
        (36, 15, 'Cup - 6oz, Foam', 'Topcare sinus relief pressure and pain', 3181340.86, 'montes nascetur ridiculus mus etiam vel augue vestibulum rutrum rutrum neque aenean auctor gravida sem praesent id massa id', 'Plastic', 'khác', b'1'),
        (37, 8, 'Pastry - Carrot Muffin - Mini', 'AHAVA ACTIVE DEADSEA MINERALS', 4068832.97, 'integer aliquet massa id lobortis convallis tortor risus dapibus augue vel accumsan tellus nisi eu orci', 'Steel', 'Tam giác', b'0'),
        (38, 3, 'Chips - Doritos', 'Extra Strength Pain Reliever', 3610205.22, 'odio porttitor id consequat in consequat ut nulla sed accumsan felis ut', 'Stone', 'khác', b'1'),
        (39, 10, 'Shallots', 'AMBROSIA BIDENTATA POLLEN', 5725958.39, 'gravida sem praesent id massa id nisl venenatis lacinia aenean sit amet justo', 'Brass', 'Tròn', b'1'),
        (40, 9, 'Rolled Oats', 'soCALM Pain Relieving', 5938522.50, 'duis faucibus accumsan odio curabitur convallis duis consequat dui nec nisi volutpat eleifend donec', 'Plexiglass', 'khác', b'0'),
        (41, 4, 'Rice - Long Grain', 'Boy Butter', 2349251.86, 'ut rhoncus aliquet pulvinar sed nisl nunc rhoncus dui vel sem sed sagittis nam congue risus semper porta', 'Plastic', 'Con vật', b'0'),
        (42, 13, 'Beef Dry Aged Tenderloin Aaa', 'Dantrolene Sodium', 5814965.72, 'ut volutpat sapien arcu sed augue aliquam erat volutpat in', 'Steel', 'Vuông', b'0'),
        (43, 2, 'Bread - Italian Corn Meal Poly', 'MethylPREDNISolone', 9659084.99, 'praesent lectus vestibulum quam sapien varius ut blandit non interdum', 'Steel', 'Vuông', b'1'),
        (44, 2, 'Parasol Pick Stir Stick', 'Topcare All Day Pain Relief', 5232448.25, 'nisl nunc rhoncus dui vel sem sed sagittis nam congue risus semper porta volutpat', 'Plexiglass', 'Tròn', b'0'),
        (45, 2, 'Pasta - Fusili, Dry', 'Fludeoxyglucose F18', 9851174.82, 'tempus semper est quam pharetra magna ac consequat metus sapien ut nunc', 'Brass', 'Vuông', b'1'),
        (46, 1, 'Cheese - Cheddarsliced', 'SURFERS BARRIER', 324105.02, 'fringilla rhoncus mauris enim leo rhoncus sed vestibulum sit amet cursus', 'Plexiglass', 'khác', b'1'),
        (47, 5, 'Cheese - Valancey', 'Pollens - Trees, Cedar, Mountain Juniperus ashei', 9666346.32, 'tellus semper interdum mauris ullamcorper purus sit amet nulla quisque arcu libero rutrum ac', 'Vinyl', 'Con vật', b'1'),
        (48, 7, 'Nestea - Iced Tea', 'Allopurinol', 3906870.15, 'sit amet nulla quisque arcu libero rutrum ac lobortis vel', 'Vinyl', 'khác', b'1'),
        (49, 8, 'Wine - White, Ej Gallo', 'Omeprazole', 4237791.55, 'ut tellus nulla ut erat id mauris vulputate elementum nullam varius nulla', 'Plastic', 'Tam giác', b'0'),
        (50, 5, 'Extract - Vanilla,artificial', 'Zicam', 5980525.03, 'non pretium quis lectus suspendisse potenti in eleifend quam a odio in hac habitasse', 'Stone', 'Con vật', b'0'),
        (51, 12, 'Shrimp - 16/20, Peeled Deviened', 'SUN Tinted Solar Defense Organic SPF 30', 707176.18, 'amet justo morbi ut odio cras mi pede malesuada in imperdiet et commodo vulputate justo in blandit ultrices enim', 'Aluminum', 'Tam giác', b'1'),
        (52, 12, 'Pasta - Penne Primavera, Single', 'Acebutolol Hydrochloride', 4152035.00, 'vestibulum ante ipsum primis in faucibus orci luctus et ultrices posuere cubilia curae nulla dapibus dolor vel est donec odio', 'Rubber', 'Vuông', b'1'),
        (53, 1, 'Garlic - Primerba, Paste', 'Buxom Show Some Skin Weightless Foundation Broad Spectrum SPF 30', 6171063.98, 'aenean sit amet justo morbi ut odio cras mi pede malesuada in imperdiet et commodo', 'Stone', 'Con vật', b'0'),
        (54, 10, 'Broom - Angled', 'Color Me With KidsUV SPF30', 5288829.45, 'nunc proin at turpis a pede posuere nonummy integer non velit donec diam neque vestibulum', 'Steel', 'Tam giác', b'1'),
        (55, 3, 'Beans - Fava Fresh', 'TINNITUS RELIEF', 9201167.10, 'varius ut blandit non interdum in ante vestibulum ante ipsum primis in faucibus orci', 'Brass', 'Vuông', b'0'),
        (56, 14, 'Bread - Multigrain Oval', 'Gas Relief', 7354562.38, 'posuere cubilia curae donec pharetra magna vestibulum aliquet ultrices erat tortor sollicitudin mi sit amet', 'Glass', 'Tròn', b'0'),
        (57, 14, 'Chevril', 'Stibium 6', 1110678.37, 'scelerisque mauris sit amet eros suspendisse accumsan tortor quis turpis sed ante vivamus tortor', 'Glass', 'khác', b'0'),
        (58, 3, 'Chicken - Bones', 'CARE ONE', 5497198.74, 'cursus vestibulum proin eu mi nulla ac enim in tempor turpis nec euismod scelerisque', 'Plexiglass', 'Vuông', b'1'),
        (59, 10, 'Ranchero - Primerba, Paste', 'Head and Shoulders 2in1', 8105418.23, 'sed ante vivamus tortor duis mattis egestas metus aenean fermentum donec ut mauris eget massa tempor convallis nulla neque', 'Steel', 'khác', b'1'),
        (60, 10, 'Food Colouring - Green', 'AZITHROMYCIN', 2098652.57, 'pellentesque quisque porta volutpat erat quisque erat eros viverra eget congue eget semper rutrum nulla nunc purus phasellus in felis', 'Vinyl', 'Con vật', b'0'),
        (61, 12, 'Lidsoupcont Rp12dn', 'Edema', 4409973.24, 'quis odio consequat varius integer ac leo pellentesque ultrices mattis odio donec vitae nisi nam', 'Aluminum', 'Tam giác', b'0'),
        (62, 12, 'Cheese - Cheddar, Medium', 'Stomach Relief', 6120547.74, 'ridiculus mus vivamus vestibulum sagittis sapien cum sociis natoque penatibus et', 'Steel', 'Con vật', b'1'),
        (63, 1, 'Muffin Mix - Carrot', 'Methylprednisolone', 7998968.04, 'porttitor id consequat in consequat ut nulla sed accumsan felis ut at dolor quis odio consequat varius integer ac leo', 'Steel', 'Tam giác', b'1'),
        (64, 8, 'Chives - Fresh', 'Phendimetrazine Tartrate', 1061119.57, 'mi nulla ac enim in tempor turpis nec euismod scelerisque quam turpis adipiscing lorem', 'Rubber', 'Tam giác', b'1'),
        (65, 16, 'Dehydrated Kelp Kombo', 'MediSpa SunSpray', 8451823.92, 'aliquet pulvinar sed nisl nunc rhoncus dui vel sem sed', 'Wood', 'Vuông', b'1'),
        (66, 11, 'Tarragon - Primerba, Paste', 'Ciprofloxacin', 2949208.77, 'id consequat in consequat ut nulla sed accumsan felis ut at dolor quis odio', 'Steel', 'Vuông', b'0'),
        (67, 3, 'Apple - Royal Gala', 'Metformin Hydrochloride', 2101872.40, 'lorem vitae mattis nibh ligula nec sem duis aliquam convallis nunc proin at turpis a', 'Brass', 'Vuông', b'0'),
        (68, 14, 'Tart - Raisin And Pecan', 'Felodipine', 3724379.93, 'velit id pretium iaculis diam erat fermentum justo nec condimentum neque sapien placerat ante nulla justo aliquam', 'Stone', 'Tròn', b'0'),
        (69, 6, 'Vinegar - Balsamic', 'Hydrochlorothiazide', 4639732.40, 'lorem quisque ut erat curabitur gravida nisi at nibh in hac habitasse platea dictumst aliquam augue quam', 'Wood', 'khác', b'1'),
        (70, 12, 'Galliano', 'Fetzima', 1175286.75, 'praesent blandit lacinia erat vestibulum sed magna at nunc commodo placerat praesent blandit nam nulla integer pede', 'Steel', 'Tròn', b'1'),
        (71, 13, 'Bread - Malt', 'Ramipril', 9884987.67, 'volutpat eleifend donec ut dolor morbi vel lectus in quam fringilla rhoncus mauris enim leo rhoncus', 'Stone', 'Con vật', b'1'),
        (72, 15, 'Bar Mix - Pina Colada, 355 Ml', 'laura mercier Tinted Moisturizer Creme Compact Broad Spectrum SPF 20 Sunscreen TAWNY', 3325672.65, 'ut mauris eget massa tempor convallis nulla neque libero convallis eget eleifend luctus ultricies eu', 'Granite', 'Tam giác', b'0'),
        (73, 11, 'Wine - Vouvray Cuvee Domaine', 'Epsom Salt', 4944130.80, 'quis augue luctus tincidunt nulla mollis molestie lorem quisque ut erat curabitur gravida nisi', 'Vinyl', 'Tròn', b'1'),
        (74, 5, 'Bagels Poppyseed', 'BIOTENE', 3169214.73, 'habitasse platea dictumst etiam faucibus cursus urna ut tellus nulla', 'Wood', 'Vuông', b'0'),
        (75, 9, 'Turkey - Whole, Fresh', 'CORTEF', 3467545.03, 'amet justo morbi ut odio cras mi pede malesuada in imperdiet et commodo vulputate justo in blandit ultrices', 'Plexiglass', 'khác', b'1'),
        (76, 9, 'Chicken - White Meat, No Tender', 'Muscle and Joint HRX', 3267424.88, 'eget massa tempor convallis nulla neque libero convallis eget eleifend luctus ultricies eu nibh quisque id', 'Wood', 'khác', b'1'),
        (77, 9, 'Campari', 'SKIN ERUPTIONS', 7401179.77, 'sollicitudin vitae consectetuer eget rutrum at lorem integer tincidunt ante vel ipsum praesent blandit lacinia erat', 'Granite', 'Vuông', b'1'),
        (78, 2, 'Coffee Caramel Biscotti', 'ADRUCIL', 9651935.90, 'sed vestibulum sit amet cursus id turpis integer aliquet massa id lobortis convallis tortor risus dapibus augue vel accumsan tellus', 'Plastic', 'Tam giác', b'0'),
        (79, 9, 'Lobster - Baby, Boiled', 'Allergy Relief', 3353113.17, 'nullam porttitor lacus at turpis donec posuere metus vitae ipsum aliquam', 'Steel', 'khác', b'1'),
        (80, 15, 'Beans - Fava Fresh', 'PHENYLEPHRINE HYDROCHLORIDE', 332817.36, 'felis ut at dolor quis odio consequat varius integer ac leo pellentesque ultrices mattis', 'Brass', 'khác', b'0'),
        (81, 15, 'Placemat - Scallop, White', 'Merle Norman', 7471103.97, 'est lacinia nisi venenatis tristique fusce congue diam id ornare imperdiet sapien urna pretium nisl ut volutpat sapien', 'Steel', 'Tròn', b'1'),
        (82, 7, 'Creamers - 10%', 'Pleo Grif', 6533519.58, 'porta volutpat erat quisque erat eros viverra eget congue eget', 'Wood', 'Tròn', b'1'),
        (83, 12, 'Gingerale - Schweppes, 355 Ml', 'Rite Aid', 5220563.59, 'felis sed interdum venenatis turpis enim blandit mi in porttitor pede', 'Vinyl', 'khác', b'1'),
        (84, 1, 'Nantuket Peach Orange', 'Aspirin', 9482247.24, 'erat quisque erat eros viverra eget congue eget semper rutrum nulla nunc purus', 'Aluminum', 'Tròn', b'0'),
        (85, 8, 'Cheese - Marble', 'ConRX Pain Reliever Sinus Headache', 2485374.11, 'sit amet erat nulla tempus vivamus in felis eu sapien cursus vestibulum proin eu mi nulla ac enim', 'Brass', 'Con vật', b'0'),
        (86, 8, 'Oil - Olive, Extra Virgin', 'ONDANSETRON', 3526920.39, 'molestie sed justo pellentesque viverra pede ac diam cras pellentesque volutpat dui maecenas', 'Wood', 'Tròn', b'0'),
        (87, 11, 'Tomato Puree', 'Tussin CF', 7465166.32, 'cras in purus eu magna vulputate luctus cum sociis natoque penatibus et magnis dis parturient montes nascetur ridiculus mus vivamus', 'Aluminum', 'Con vật', b'0'),
        (88, 12, 'Rosemary - Primerba, Paste', 'Barriere', 7750523.39, 'justo aliquam quis turpis eget elit sodales scelerisque mauris sit amet eros suspendisse accumsan', 'Vinyl', 'Vuông', b'1'),
        (89, 4, 'Salmon - Atlantic, No Skin', 'Hydroxychloroquine sulfate', 9546808.13, 'turpis nec euismod scelerisque quam turpis adipiscing lorem vitae mattis nibh ligula nec sem', 'Vinyl', 'Tròn', b'0'),
        (90, 11, 'Garbag Bags - Black', 'Chewable Aspirin', 4795971.88, 'amet consectetuer adipiscing elit proin risus praesent lectus vestibulum quam sapien varius', 'Granite', 'Vuông', b'0'),
        (91, 3, 'Coke - Classic, 355 Ml', 'Erythromycin Base', 9975964.08, 'ipsum primis in faucibus orci luctus et ultrices posuere cubilia curae', 'Stone', 'Tròn', b'0'),
        (92, 11, 'Squash - Acorn', 'Divalproex Sodium', 2821270.83, 'pretium iaculis justo in hac habitasse platea dictumst etiam faucibus cursus urna ut tellus nulla', 'Wood', 'Con vật', b'0'),
        (93, 4, 'Tomato - Green', 'DAILY DEFLECTOR MOISTURIZER', 8193935.85, 'venenatis lacinia aenean sit amet justo morbi ut odio cras mi pede malesuada in imperdiet et commodo vulputate', 'Vinyl', 'khác', b'0'),
        (94, 15, 'Cheese - Victor Et Berthold', 'Zinecard', 6359598.95, 'luctus et ultrices posuere cubilia curae donec pharetra magna vestibulum aliquet ultrices erat tortor sollicitudin mi', 'Granite', 'Tam giác', b'0'),
        (95, 11, 'Wine - Black Tower Qr', 'Sheer Defense Tinted Moisturizer SPF 15 L10', 8239081.37, 'sapien in sapien iaculis congue vivamus metus arcu adipiscing molestie hendrerit at vulputate vitae nisl aenean lectus pellentesque eget nunc', 'Glass', 'Tròn', b'0'),
        (96, 3, 'Muffin Batt - Carrot Spice', 'Klor Con M', 5224163.64, 'faucibus accumsan odio curabitur convallis duis consequat dui nec nisi volutpat', 'Glass', 'Con vật', b'0'),
        (97, 3, 'Squash - Butternut', 'Meteoric Iron Prunus', 7900729.90, 'duis mattis egestas metus aenean fermentum donec ut mauris eget massa tempor convallis nulla', 'Stone', 'Tam giác', b'0'),
        (98, 10, 'Muffin Puck Ww Carrot', 'Thyreoidea Belladonna', 9749627.38, 'ornare consequat lectus in est risus auctor sed tristique in tempus', 'Stone', 'khác', b'0'),
        (99, 4, 'Vodka - Lemon, Absolut', 'MECLIZINE HYDROCHLORIDE', 3272649.94, 'sed nisl nunc rhoncus dui vel sem sed sagittis nam', 'Stone', 'Tròn', b'1'),
        (101, 14, 'Sour Puss Raspberry', 'Cefaclor', 7055074.68, 'magna vulputate luctus cum sociis natoque penatibus et magnis dis parturient montes', 'Granite', 'Tròn', b'1'),
        (102, 4, 'Bread - Pita, Mini', 'AMERGE', 6507452.77, 'ac est lacinia nisi venenatis tristique fusce congue diam id ornare imperdiet sapien urna', 'Plexiglass', 'khác', b'0'),
        (103, 15, 'Crab - Soft Shell', 'BENICAR HCT', 7127537.06, 'diam erat fermentum justo nec condimentum neque sapien placerat ante nulla justo aliquam quis turpis', 'Rubber', 'Tròn', b'0'),
        (104, 13, 'Carbonated Water - Peach', 'U-max Beauty', 1930721.82, 'sit amet consectetuer adipiscing elit proin interdum mauris non ligula pellentesque ultrices phasellus id sapien in sapien iaculis congue vivamus', 'Rubber', 'Con vật', b'1'),
        (105, 12, 'Table Cloth 91x91 Colour', 'POTIGA', 4444112.70, 'libero ut massa volutpat convallis morbi odio odio elementum eu interdum eu', 'Aluminum', 'khác', b'1'),
        (106, 16, 'Anchovy Paste - 56 G Tube', 'Isomers Clear Skin Acne Treatment Cleanser', 3505230.54, 'pede ac diam cras pellentesque volutpat dui maecenas tristique est', 'Plastic', 'Tam giác', b'1'),
        (107, 4, 'Appetizer - Southwestern', 'GENERATIONS NADINOLA DAY TIME PROTECTING MOISTURIZER SPF 15', 5729088.18, 'lacinia sapien quis libero nullam sit amet turpis elementum ligula', 'Plexiglass', 'Vuông', b'1'),
        (108, 15, 'Wine - Zinfandel Rosenblum', 'EQUALINE TOLNAFTATE ANTIFUNGAL', 7835309.12, 'arcu adipiscing molestie hendrerit at vulputate vitae nisl aenean lectus pellentesque eget nunc', 'Plexiglass', 'Tam giác', b'1'),
        (109, 14, 'Wine - Placido Pinot Grigo', 'Oxybutynin Chloride', 6471868.89, 'fusce congue diam id ornare imperdiet sapien urna pretium nisl ut volutpat', 'Rubber', 'khác', b'0'),
        (110, 6, 'Brandy Apricot', 'Anastrozole', 4790127.81, 'ut rhoncus aliquet pulvinar sed nisl nunc rhoncus dui vel sem sed sagittis', 'Plastic', 'Con vật', b'0'),
        (111, 4, 'Coriander - Ground', 'Throat Coat', 5688605.12, 'aliquet massa id lobortis convallis tortor risus dapibus augue vel accumsan tellus nisi eu orci mauris lacinia sapien quis', 'Plexiglass', 'Con vật', b'0'),
        (112, 13, 'Schnappes - Peach, Walkers', 'Cystex', 3857245.21, 'felis sed interdum venenatis turpis enim blandit mi in porttitor pede justo eu', 'Steel', 'Tam giác', b'1'),
        (113, 16, 'Shiratamako - Rice Flour', 'Soothe', 3344321.61, 'nulla elit ac nulla sed vel enim sit amet nunc viverra dapibus nulla suscipit ligula', 'Brass', 'Vuông', b'1'),
        (114, 15, 'Apricots - Dried', 'Lamotrigine', 1675582.17, 'in est risus auctor sed tristique in tempus sit amet sem fusce consequat', 'Stone', 'Tròn', b'0'),
        (115, 3, 'Muffin Mix - Carrot', 'Wart Remover', 9379300.43, 'ultrices aliquet maecenas leo odio condimentum id luctus nec molestie sed justo pellentesque viverra pede ac diam', 'Stone', 'Tam giác', b'0'),
        (116, 8, 'Kahlua', 'Russian Thistle', 843856.67, 'eleifend luctus ultricies eu nibh quisque id justo sit amet sapien dignissim vestibulum vestibulum ante ipsum primis', 'Wood', 'Tam giác', b'0'),
        (117, 3, 'Wine - Chateau Aqueria Tavel', 'Mineral oil', 5279357.64, 'integer ac neque duis bibendum morbi non quam nec dui luctus', 'Plastic', 'Tam giác', b'1'),
        (118, 14, 'Juice - Cranberry 284ml', 'Denti-Care Denti-Foam', 9141390.47, 'laoreet ut rhoncus aliquet pulvinar sed nisl nunc rhoncus dui vel sem sed sagittis nam congue risus', 'Granite', 'Tam giác', b'1'),
        (119, 16, 'Pail For Lid 1537', 'The21 DAYs HAIR NUTRIENT SERUM', 3049978.33, 'in lectus pellentesque at nulla suspendisse potenti cras in purus eu magna vulputate', 'Plastic', 'Tròn', b'0'),
        (120, 15, 'Lemonade - Black Cherry, 591 Ml', 'Pregnancy Balance', 5967601.97, 'quam nec dui luctus rutrum nulla tellus in sagittis dui vel nisl duis ac nibh', 'Granite', 'Con vật', b'0'),
        (121, 2, 'Pears - Fiorelle', 'Verapamil Hydrochloride', 5433804.07, 'aenean auctor gravida sem praesent id massa id nisl venenatis lacinia aenean sit amet justo', 'Glass', 'Tròn', b'1'),
        (122, 15, 'Soup - Beef Conomme, Dry', 'Pollens - Weeds and Garden Plants, Nettle Urtica dioica', 3254850.50, 'massa donec dapibus duis at velit eu est congue elementum in', 'Plastic', 'Tam giác', b'0'),
        (123, 7, 'Carbonated Water - Lemon Lime', 'Cytomel', 6040717.88, 'in hac habitasse platea dictumst maecenas ut massa quis augue luctus tincidunt nulla mollis molestie lorem', 'Vinyl', 'Vuông', b'0'),
        (124, 9, 'Oven Mitts 17 Inch', 'SKIN 79 The Prestige Beblesh Balm (40g)', 9393201.99, 'sem fusce consequat nulla nisl nunc nisl duis bibendum felis sed interdum venenatis turpis', 'Glass', 'Tam giác', b'0'),
        (125, 9, 'Tomatoes - Yellow Hot House', 'Ceftriaxone', 9687010.46, 'aliquam sit amet diam in magna bibendum imperdiet nullam orci pede venenatis non sodales sed tincidunt eu felis', 'Brass', 'Vuông', b'1'),
        (126, 10, 'Plasticforkblack', 'Ziprasidone Hydrochloride', 1288062.47, 'lobortis ligula sit amet eleifend pede libero quis orci nullam molestie nibh in lectus pellentesque at nulla suspendisse', 'Stone', 'Con vật', b'1'),
        (127, 11, 'Cheese - Feta', 'HYDROCHLOROTHIAZIDE', 5268339.13, 'malesuada in imperdiet et commodo vulputate justo in blandit ultrices enim lorem ipsum dolor', 'Plexiglass', 'Tròn', b'1'),
        (128, 3, 'Pork - Butt, Boneless', 'Emetrol Cherry', 4921606.43, 'non velit nec nisi vulputate nonummy maecenas tincidunt lacus at velit vivamus vel nulla eget eros elementum pellentesque quisque', 'Plastic', 'Tròn', b'0'),
        (129, 9, 'Water - Spring 1.5lit', 'Childrens Robitussin Cough and Chest Congestion DM', 4680206.35, 'proin leo odio porttitor id consequat in consequat ut nulla sed accumsan felis ut at', 'Stone', 'Tròn', b'1'),
        (130, 5, 'Split Peas - Green, Dry', 'CareOne Adult Tussin DM', 3481893.50, 'quis augue luctus tincidunt nulla mollis molestie lorem quisque ut erat curabitur gravida nisi at nibh in hac habitasse', 'Aluminum', 'Tam giác', b'1'),
        (131, 5, 'Toamtoes 6x7 Select', 'Trichothecium roseum', 8065456.31, 'nunc rhoncus dui vel sem sed sagittis nam congue risus semper porta volutpat quam pede lobortis ligula sit amet eleifend', 'Granite', 'Tròn', b'1'),
        (132, 9, 'Ecolab - Power Fusion', 'Naproxen Sodium', 2941171.43, 'pharetra magna vestibulum aliquet ultrices erat tortor sollicitudin mi sit amet lobortis sapien sapien', 'Stone', 'Con vật', b'1'),
        (133, 8, 'Wheat - Soft Kernal Of Wheat', 'Lidocaine Hydrochloride', 4583133.38, 'eget tempus vel pede morbi porttitor lorem id ligula suspendisse ornare consequat lectus in est', 'Steel', 'Tam giác', b'1'),
        (134, 3, 'Sauce - Hoisin', 'Mary Kay Tinted Lip Balm Sunscreen SPF 15 Fig', 2994994.42, 'natoque penatibus et magnis dis parturient montes nascetur ridiculus mus vivamus vestibulum sagittis', 'Plexiglass', 'khác', b'0'),
        (135, 14, 'Cheese - Fontina', 'Gas Relief', 8185433.83, 'cum sociis natoque penatibus et magnis dis parturient montes nascetur ridiculus mus', 'Granite', 'Con vật', b'0'),
        (136, 2, 'Onion - Dried', 'Lamb Quarters', 510576.78, 'potenti in eleifend quam a odio in hac habitasse platea dictumst maecenas ut massa', 'Steel', 'Con vật', b'1'),
        (137, 7, 'Bay Leaf Ground', 'Laxative', 3944212.87, 'in hac habitasse platea dictumst maecenas ut massa quis augue luctus tincidunt nulla', 'Stone', 'Tròn', b'0'),
        (138, 9, 'Pork - Chop, Frenched', 'CORYLUS AMERICANA POLLEN', 8476651.14, 'volutpat in congue etiam justo etiam pretium iaculis justo in hac habitasse platea dictumst', 'Rubber', 'Tròn', b'1'),
        (139, 1, 'Wanton Wrap', 'Alcohol Prep Pad', 4326577.64, 'viverra diam vitae quam suspendisse potenti nullam porttitor lacus at turpis', 'Steel', 'Con vật', b'0'),
        (140, 6, 'Beans - Black Bean, Canned', 'Ibuprofen', 5204647.74, 'tincidunt eget tempus vel pede morbi porttitor lorem id ligula suspendisse ornare', 'Vinyl', 'Tròn', b'1'),
        (141, 12, 'Cheese - Boursin, Garlic / Herbs', 'Fenofibrate', 8677777.96, 'duis ac nibh fusce lacus purus aliquet at feugiat non pretium quis lectus suspendisse potenti in eleifend', 'Granite', 'Con vật', b'0'),
        (142, 16, 'Fuji Apples', 'ZEMA PAK', 1915142.89, 'vestibulum sit amet cursus id turpis integer aliquet massa id lobortis convallis tortor risus dapibus augue vel accumsan', 'Aluminum', 'Vuông', b'1'),
        (143, 16, 'Pomegranates', 'TrophAmine', 7882411.67, 'tempus sit amet sem fusce consequat nulla nisl nunc nisl duis bibendum felis sed interdum venenatis turpis enim', 'Plexiglass', 'Tròn', b'1'),
        (144, 13, 'Calypso - Lemonade', 'Coppertone water BABIES', 6473383.10, 'dui vel sem sed sagittis nam congue risus semper porta volutpat', 'Aluminum', 'khác', b'1'),
        (145, 7, 'Turnip - Mini', 'Tretinoin', 9751663.76, 'at turpis a pede posuere nonummy integer non velit donec diam', 'Plastic', 'khác', b'1'),
        (146, 10, 'Cattail Hearts', 'Acremonium strictum', 2938671.34, 'orci luctus et ultrices posuere cubilia curae nulla dapibus dolor vel est donec odio justo sollicitudin ut suscipit a feugiat', 'Brass', 'Vuông', b'0'),
        (147, 2, 'Sorrel - Fresh', 'Glofil-125', 6790899.45, 'laoreet ut rhoncus aliquet pulvinar sed nisl nunc rhoncus dui vel sem', 'Wood', 'khác', b'0'),
        (148, 9, 'Pork Loin Cutlets', 'Head and Shoulders 2in1', 696139.09, 'quisque id justo sit amet sapien dignissim vestibulum vestibulum ante ipsum primis', 'Plastic', 'Tam giác', b'1'),
        (149, 15, 'Carbonated Water - Strawberry', 'Wal itin', 4460712.08, 'sapien cum sociis natoque penatibus et magnis dis parturient montes nascetur ridiculus mus etiam vel augue vestibulum rutrum rutrum neque', 'Stone', 'Tròn', b'0'),
        (150, 16, 'Buffalo - Tenderloin', 'Fentanyl', 9583811.85, 'at velit eu est congue elementum in hac habitasse platea dictumst morbi vestibulum', 'Stone', 'Tam giác', b'0'),
        (151, 13, 'Muffin - Mix - Strawberry Rhubarb', 'Childrens Mucinex', 5333994.70, 'semper sapien a libero nam dui proin leo odio porttitor id consequat in consequat', 'Brass', 'Tròn', b'1'),
        (152, 8, 'Peas - Frozen', 'Oxygen', 3857053.46, 'cum sociis natoque penatibus et magnis dis parturient montes nascetur ridiculus mus', 'Granite', 'Tam giác', b'1'),
        (153, 3, 'Radish', 'Torsemide', 8306520.13, 'platea dictumst morbi vestibulum velit id pretium iaculis diam erat fermentum justo', 'Glass', 'Vuông', b'1'),
        (154, 6, 'Chinese Foods - Chicken', 'Nu Skin Clear Action', 4696833.62, 'eget rutrum at lorem integer tincidunt ante vel ipsum praesent blandit lacinia erat vestibulum sed magna at nunc commodo placerat', 'Vinyl', 'Vuông', b'0'),
        (155, 14, 'Wine - Magnotta - Cab Sauv', 'Mango Blossom', 5529913.32, 'suspendisse potenti cras in purus eu magna vulputate luctus cum sociis natoque', 'Glass', 'Vuông', b'0'),
        (156, 2, 'Jolt Cola', 'Desempacho', 8824436.18, 'mi nulla ac enim in tempor turpis nec euismod scelerisque quam', 'Brass', 'Con vật', b'1'),
        (157, 5, 'Beans - Black Bean, Preserved', 'Equisetum cum sulfure tosta 6', 6451017.99, 'donec vitae nisi nam ultrices libero non mattis pulvinar nulla pede ullamcorper augue', 'Brass', 'Vuông', b'0'),
        (158, 10, 'Five Alive Citrus', 'acid reducer plus antacid', 6596121.91, 'lectus vestibulum quam sapien varius ut blandit non interdum in ante vestibulum ante ipsum primis in faucibus', 'Brass', 'Tam giác', b'0'),
        (159, 10, 'Lettuce - Belgian Endive', 'NATRUM MURIATICUM', 4364037.95, 'nunc commodo placerat praesent blandit nam nulla integer pede justo lacinia eget tincidunt eget tempus vel', 'Aluminum', 'khác', b'0'),
        (160, 12, 'Trout - Smoked', 'SmartMouth', 2585997.24, 'ornare consequat lectus in est risus auctor sed tristique in tempus sit amet sem fusce', 'Steel', 'Tròn', b'0'),
        (161, 16, 'Cheese Cloth', 'NeutrapHorus Rex', 7471235.34, 'nec nisi vulputate nonummy maecenas tincidunt lacus at velit vivamus vel nulla eget eros elementum pellentesque quisque', 'Glass', 'khác', b'1'),
        (162, 9, 'Sobe - Orange Carrot', 'Inflammago', 2399329.36, 'quis augue luctus tincidunt nulla mollis molestie lorem quisque ut erat curabitur gravida nisi at nibh', 'Stone', 'Tam giác', b'1'),
        (163, 3, 'Longos - Penne With Pesto', 'Oxygen', 2520379.61, 'penatibus et magnis dis parturient montes nascetur ridiculus mus etiam vel augue vestibulum rutrum rutrum neque aenean auctor', 'Plastic', 'Tròn', b'0'),
        (164, 12, 'Soup - Knorr, French Onion', 'Ibuprofen', 2473417.04, 'magnis dis parturient montes nascetur ridiculus mus vivamus vestibulum sagittis', 'Stone', 'Tròn', b'0'),
        (165, 4, 'Milkettes - 2%', 'Hydrocortisone', 3714877.59, 'at lorem integer tincidunt ante vel ipsum praesent blandit lacinia erat vestibulum sed magna at', 'Plexiglass', 'khác', b'1'),
        (166, 9, 'Potatoes - Instant, Mashed', 'DHC Hand', 2506769.87, 'semper interdum mauris ullamcorper purus sit amet nulla quisque arcu libero rutrum ac lobortis vel dapibus at diam nam', 'Stone', 'khác', b'1'),
        (167, 2, 'Cheese - Le Cru Du Clocher', 'Zonegran', 4504044.24, 'ultrices posuere cubilia curae nulla dapibus dolor vel est donec odio', 'Steel', 'Tam giác', b'1'),
        (168, 15, 'Water - Spring 1.5lit', 'BIOCENCE', 9403909.05, 'eget congue eget semper rutrum nulla nunc purus phasellus in felis donec semper sapien a libero nam dui proin', 'Stone', 'Tam giác', b'1'),
        (169, 12, 'Wine - Fontanafredda Barolo', 'Fengliaoxing Fengshi Dieda Yaojiu', 1941096.19, 'habitasse platea dictumst morbi vestibulum velit id pretium iaculis diam erat fermentum', 'Steel', 'khác', b'0'),
        (170, 2, 'Venison - Striploin', 'LBEL EFFET PARFAIT Polvos Compactos de Larga Duracion para rostro FPS 15 /Long Lasting Compact SPF 15', 5132965.45, 'ac nibh fusce lacus purus aliquet at feugiat non pretium quis lectus suspendisse potenti in eleifend quam a odio', 'Aluminum', 'Con vật', b'1'),
        (171, 13, 'Pork - Bacon,back Peameal', 'Oxycodone and Acetaminophen', 7086152.98, 'pede posuere nonummy integer non velit donec diam neque vestibulum eget vulputate', 'Granite', 'Tam giác', b'1'),
        (172, 14, 'Lychee - Canned', 'Abdominal Cramps', 473065.88, 'semper sapien a libero nam dui proin leo odio porttitor id consequat in consequat ut nulla', 'Stone', 'khác', b'1'),
        (173, 8, 'Lid Tray - 12in Dome', 'Divas', 5128110.88, 'praesent blandit nam nulla integer pede justo lacinia eget tincidunt eget tempus vel pede morbi', 'Steel', 'Con vật', b'1'),
        (174, 13, 'Melon - Watermelon, Seedless', 'Olanzapine and Fluoxetine', 491140.40, 'non velit nec nisi vulputate nonummy maecenas tincidunt lacus at velit vivamus', 'Wood', 'Tam giác', b'1'),
        (175, 2, 'Mix - Cocktail Strawberry Daiquiri', 'Buspirone HCl', 2856196.50, 'vestibulum ante ipsum primis in faucibus orci luctus et ultrices posuere cubilia curae mauris viverra diam', 'Granite', 'Tam giác', b'0'),
        (176, 4, 'Wine - Coteaux Du Tricastin Ac', 'Baby Orajel Naturals', 2852416.20, 'ante ipsum primis in faucibus orci luctus et ultrices posuere cubilia curae donec pharetra magna vestibulum', 'Glass', 'Tròn', b'0'),
        (177, 14, 'Sachet', 'Neutrogena MoistureShine SPF20', 1339096.66, 'diam neque vestibulum eget vulputate ut ultrices vel augue vestibulum ante ipsum primis in faucibus', 'Stone', 'Vuông', b'1'),
        (178, 16, 'Water - Spring Water 500ml', 'triple antibiotic', 5260851.15, 'platea dictumst maecenas ut massa quis augue luctus tincidunt nulla mollis molestie lorem quisque ut erat curabitur gravida nisi at', 'Rubber', 'Tròn', b'0'),
        (179, 3, 'Pork - Back, Short Cut, Boneless', 'Amoxicillin', 8332808.94, 'elementum in hac habitasse platea dictumst morbi vestibulum velit id pretium iaculis diam erat fermentum justo nec condimentum', 'Steel', 'Tròn', b'0'),
        (180, 11, 'Wine - Red, Black Opal Shiraz', 'Nitrofurantion Macrocrystals', 5876765.50, 'elementum ligula vehicula consequat morbi a ipsum integer a nibh', 'Aluminum', 'Vuông', b'1'),
        (181, 14, 'Veal - Nuckle', 'CareOne Lubricant Eye Plus', 8360025.07, 'odio cras mi pede malesuada in imperdiet et commodo vulputate justo in blandit ultrices enim lorem ipsum dolor sit amet', 'Glass', 'Vuông', b'1'),
        (182, 3, 'Durian Fruit', 'Clindamycin Palmitate Hydrochloride (Pediatric)', 9306832.83, 'in purus eu magna vulputate luctus cum sociis natoque penatibus et magnis dis', 'Aluminum', 'khác', b'1'),
        (183, 15, 'Hipnotiq Liquor', 'cephalexin', 1562466.40, 'ac consequat metus sapien ut nunc vestibulum ante ipsum primis in', 'Aluminum', 'Tam giác', b'1'),
        (184, 8, 'Beef - Rib Eye Aaa', 'infectiguard Fast Acting Antiseptic Hand Sanitizer with Moisturizer', 8450531.22, 'ipsum primis in faucibus orci luctus et ultrices posuere cubilia curae mauris viverra diam vitae quam suspendisse potenti nullam', 'Glass', 'Tròn', b'0'),
        (185, 12, 'Mustard - Seed', 'Medrox-Rx', 3457904.92, 'augue luctus tincidunt nulla mollis molestie lorem quisque ut erat curabitur gravida nisi at', 'Granite', 'Tròn', b'0'),
        (186, 11, 'Water - Mineral, Natural', 'Topiramate', 8267529.13, 'lectus in est risus auctor sed tristique in tempus sit amet sem fusce consequat nulla nisl nunc', 'Stone', 'khác', b'1'),
        (187, 12, 'Tomatoes - Yellow Hot House', 'Pleo Form', 2426629.94, 'aliquet pulvinar sed nisl nunc rhoncus dui vel sem sed sagittis nam congue risus semper porta', 'Plastic', 'Con vật', b'1'),
        (188, 6, 'Potatoes - Idaho 100 Count', 'equaline nicotine', 4458925.26, 'ligula nec sem duis aliquam convallis nunc proin at turpis a pede posuere nonummy integer', 'Brass', 'Tam giác', b'1'),
        (189, 16, 'Cheese - Cheddar, Old White', 'Sheer Defense Tinted Moisturizer SPF 15 L10', 6055141.49, 'molestie lorem quisque ut erat curabitur gravida nisi at nibh in hac habitasse', 'Wood', 'Tam giác', b'0'),
        (190, 7, 'Soup - Campbells Beef Stew', 'Thyrotropin Releasing Hormone', 7594665.77, 'curae mauris viverra diam vitae quam suspendisse potenti nullam porttitor lacus at turpis donec posuere metus vitae', 'Rubber', 'Con vật', b'0'),
        (191, 3, 'Loquat', 'Duloxetine', 9981368.39, 'maecenas ut massa quis augue luctus tincidunt nulla mollis molestie lorem quisque ut erat curabitur gravida nisi', 'Rubber', 'khác', b'0'),
        (192, 4, 'Flour - Whole Wheat', 'Natural Senna', 9738973.31, 'et eros vestibulum ac est lacinia nisi venenatis tristique fusce congue', 'Steel', 'khác', b'1'),
        (193, 8, 'Turnip - Mini', 'ARRID EXTRA DRY', 7375490.53, 'convallis nunc proin at turpis a pede posuere nonummy integer non velit donec diam', 'Granite', 'Tròn', b'1'),
        (194, 16, 'Cleaner - Comet', 'GLYCOPYRROLATE', 5900619.19, 'sed tristique in tempus sit amet sem fusce consequat nulla', 'Glass', 'Tròn', b'1'),
        (195, 9, 'Kahlua', 'AUGMENTIN', 5069514.06, 'eleifend quam a odio in hac habitasse platea dictumst maecenas ut massa quis augue luctus tincidunt nulla mollis molestie lorem', 'Plexiglass', 'Tam giác', b'0'),
        (196, 14, 'Garlic - Elephant', 'Temazepam', 347010.51, 'luctus rutrum nulla tellus in sagittis dui vel nisl duis ac nibh fusce lacus purus aliquet at feugiat non pretium', 'Steel', 'Vuông', b'1'),
        (197, 15, 'Lamb - Leg, Diced', 'Neutrogena', 5189360.65, 'ridiculus mus etiam vel augue vestibulum rutrum rutrum neque aenean', 'Vinyl', 'Vuông', b'1'),
        (198, 3, 'Stock - Fish', 'Lymph Rx', 8058221.26, 'nisi vulputate nonummy maecenas tincidunt lacus at velit vivamus vel nulla eget eros elementum pellentesque', 'Granite', 'Con vật', b'0'),
        (199, 14, 'Coffee - French Vanilla Frothy', 'Mucus Relief PE', 3173914.65, 'ante ipsum primis in faucibus orci luctus et ultrices posuere cubilia curae donec pharetra magna', 'Aluminum', 'Vuông', b'0'),
        (200, 11, 'Lettuce - Boston Bib', 'Pregnyl', 3353419.87, 'proin interdum mauris non ligula pellentesque ultrices phasellus id sapien in sapien iaculis congue vivamus metus arcu adipiscing', 'Plastic', 'Tam giác', b'1'),
        (201, 11, 'Ecolab - Hand Soap Form Antibac', 'Meclizine Hydrochloride', 3670968.08, 'nec condimentum neque sapien placerat ante nulla justo aliquam quis turpis eget elit sodales scelerisque mauris sit', 'Plastic', 'khác', b'1'),
        (202, 4, 'Papayas', 'Mango', 1398030.03, 'laoreet ut rhoncus aliquet pulvinar sed nisl nunc rhoncus dui vel', 'Vinyl', 'khác', b'1'),
        (203, 4, 'Sauce - Ranch Dressing', 'Earths Best Mineral Sunscreen Broad Spectrum SPF30', 2021368.60, 'malesuada in imperdiet et commodo vulputate justo in blandit ultrices enim lorem ipsum dolor sit amet consectetuer adipiscing elit', 'Glass', 'khác', b'0'),
        (204, 10, 'Bread - Dark Rye', 'Quetiapine fumarate', 8202033.60, 'ac nibh fusce lacus purus aliquet at feugiat non pretium quis lectus suspendisse potenti in eleifend quam a odio in', 'Wood', 'Con vật', b'0'),
        (205, 11, 'Cream Of Tartar', 'Lantus', 8077128.11, 'augue a suscipit nulla elit ac nulla sed vel enim sit amet nunc viverra', 'Wood', 'Vuông', b'1'),
        (206, 6, 'Chicken Thigh - Bone Out', 'Montelukast', 1560992.00, 'ut at dolor quis odio consequat varius integer ac leo', 'Plexiglass', 'Vuông', b'1'),
        (207, 4, 'Mussels - Frozen', 'Azithromycin Dihydrate', 800338.10, 'malesuada in imperdiet et commodo vulputate justo in blandit ultrices enim lorem ipsum dolor sit amet', 'Plexiglass', 'Tròn', b'0'),
        (208, 10, 'Cheese - Boursin, Garlic / Herbs', 'SNAIL THERAPY 90 SKIN BOOSTER', 8790751.01, 'quisque erat eros viverra eget congue eget semper rutrum nulla nunc purus phasellus in felis', 'Steel', 'Con vật', b'1'),
        (209, 9, 'Foie Gras', 'Sildenafil', 1467224.59, 'faucibus accumsan odio curabitur convallis duis consequat dui nec nisi volutpat eleifend donec', 'Stone', 'Con vật', b'0'),
        (210, 14, 'Pasta - Lasagne, Fresh', 'Doxazosin', 8089805.72, 'ut erat id mauris vulputate elementum nullam varius nulla facilisi cras non velit nec nisi', 'Vinyl', 'Con vật', b'1'),
        (211, 8, 'Longos - Cheese Tortellini', 'PILOCARPINE HYDROCHLORIDE', 3021553.81, 'neque sapien placerat ante nulla justo aliquam quis turpis eget elit sodales scelerisque mauris sit amet eros suspendisse accumsan', 'Rubber', 'Tam giác', b'0'),
        (212, 12, 'Cheese - Cheddar, Medium', 'Welchol', 3861567.36, 'leo pellentesque ultrices mattis odio donec vitae nisi nam ultrices libero non mattis pulvinar nulla pede', 'Glass', 'Vuông', b'1'),
        (213, 14, 'Beef - Ground Medium', 'Sprix', 6006163.86, 'in faucibus orci luctus et ultrices posuere cubilia curae nulla dapibus dolor vel est', 'Rubber', 'Con vật', b'0'),
        (214, 12, 'Bread - Olive', 'AHC Revitalizing Special Gen Mask', 3680193.38, 'in quis justo maecenas rhoncus aliquam lacus morbi quis tortor id nulla ultrices aliquet', 'Rubber', 'Tròn', b'0'),
        (215, 15, 'Wine - Trimbach Pinot Blanc', 'Clonidine Hydrochloride', 3029144.86, 'tristique fusce congue diam id ornare imperdiet sapien urna pretium nisl ut volutpat sapien arcu sed augue', 'Brass', 'khác', b'0'),
        (216, 3, 'Pear - Asian', 'Stool Softener', 6032351.21, 'felis sed interdum venenatis turpis enim blandit mi in porttitor', 'Granite', 'Tròn', b'1'),
        (217, 14, 'Bread Base - Italian', 'Pain Relief', 4526892.80, 'aenean sit amet justo morbi ut odio cras mi pede malesuada in imperdiet', 'Brass', 'Tam giác', b'0'),
        (218, 7, 'Rice - Aborio', 'Heparin Sodium', 5163670.16, 'arcu adipiscing molestie hendrerit at vulputate vitae nisl aenean lectus pellentesque eget nunc', 'Plexiglass', 'Vuông', b'1'),
        (219, 15, 'Mushroom - Lg - Cello', 'MycoCan-Chord', 6960933.15, 'mi pede malesuada in imperdiet et commodo vulputate justo in blandit ultrices enim lorem ipsum dolor sit amet consectetuer adipiscing', 'Stone', 'Tròn', b'1'),
        (220, 2, 'Wine - Hardys Bankside Shiraz', 'Ear Ringing', 7859348.08, 'metus vitae ipsum aliquam non mauris morbi non lectus aliquam sit amet diam in magna bibendum', 'Plexiglass', 'Con vật', b'0'),
        (221, 7, 'Wine - Carmenere Casillero Del', 'Sunbrellas Mineral Sunblock SPF 30', 8976317.39, 'odio elementum eu interdum eu tincidunt in leo maecenas pulvinar lobortis est phasellus sit amet', 'Aluminum', 'khác', b'1'),
        (222, 12, 'Raisin - Golden', 'Treatment Set TS333308', 8756302.83, 'id nisl venenatis lacinia aenean sit amet justo morbi ut odio cras mi pede malesuada in imperdiet', 'Aluminum', 'Tam giác', b'0'),
        (223, 4, 'Bay Leaf Fresh', 'ReCreate Foundation', 2560057.13, 'sagittis sapien cum sociis natoque penatibus et magnis dis parturient montes nascetur ridiculus mus etiam vel augue vestibulum rutrum', 'Brass', 'Tròn', b'0'),
        (224, 16, 'Eggs - Extra Large', 'Colgate', 6688526.66, 'quam pede lobortis ligula sit amet eleifend pede libero quis orci nullam molestie', 'Steel', 'Tròn', b'1'),
        (225, 7, 'Sprouts - Onion', '91 Percent Isopropyl alcohol', 1128229.23, 'tincidunt eget tempus vel pede morbi porttitor lorem id ligula suspendisse ornare consequat lectus in est risus auctor', 'Brass', 'Vuông', b'0'),
        (226, 2, 'Sauce - Soy Low Sodium - 3.87l', 'Wheat Stem Rust', 6883326.54, 'montes nascetur ridiculus mus vivamus vestibulum sagittis sapien cum sociis natoque penatibus', 'Aluminum', 'Tam giác', b'1'),
        (227, 15, 'Sea Urchin', 'Scandonest L', 8656099.64, 'pede venenatis non sodales sed tincidunt eu felis fusce posuere felis sed lacus morbi', 'Rubber', 'Tròn', b'1'),
        (228, 6, 'Extract - Rum', 'pain relief', 8735526.39, 'elementum nullam varius nulla facilisi cras non velit nec nisi', 'Aluminum', 'Tròn', b'0'),
        (229, 5, 'Clementine', 'Dexamethasone Sodium Phosphate', 7519112.01, 'etiam faucibus cursus urna ut tellus nulla ut erat id mauris vulputate elementum nullam varius nulla facilisi cras non', 'Plexiglass', 'Con vật', b'1'),
        (230, 4, 'Sauce - Salsa', 'Proactiv Plus Emergency Blemish Relief', 8977389.64, 'facilisi cras non velit nec nisi vulputate nonummy maecenas tincidunt lacus at velit vivamus vel nulla eget eros', 'Brass', 'Tam giác', b'0'),
        (231, 16, 'Cheese - Stilton', 'Potassium Chloride', 4362411.02, 'sem mauris laoreet ut rhoncus aliquet pulvinar sed nisl nunc rhoncus dui vel sem sed', 'Stone', 'Tròn', b'0'),
        (232, 8, 'Appetizer - Smoked Salmon / Dill', 'stool softener', 6828105.70, 'nec condimentum neque sapien placerat ante nulla justo aliquam quis turpis eget elit sodales', 'Plexiglass', 'Tròn', b'0'),
        (233, 6, 'Beer - Molson Excel', 'Complete', 4947463.68, 'proin interdum mauris non ligula pellentesque ultrices phasellus id sapien in sapien iaculis', 'Vinyl', 'Tròn', b'0'),
        (234, 9, 'Towel Dispenser', 'Oxymetazoline Hydrochloride', 4048582.50, 'eu massa donec dapibus duis at velit eu est congue elementum in hac habitasse platea dictumst morbi vestibulum velit', 'Vinyl', 'Vuông', b'1'),
        (235, 5, 'Cheese - Perron Cheddar', 'Geotrichum candidum', 77336.64, 'pellentesque quisque porta volutpat erat quisque erat eros viverra eget congue eget semper rutrum nulla nunc purus phasellus in felis', 'Stone', 'Vuông', b'1'),
        (236, 14, 'Dome Lid Clear P92008h', 'St. Ives Blemish and Blackhead Facial', 5551630.15, 'viverra diam vitae quam suspendisse potenti nullam porttitor lacus at turpis donec posuere metus vitae ipsum aliquam non mauris morbi', 'Glass', 'Vuông', b'0'),
        (237, 2, 'Lamb - Sausage Casings', 'Nicotine', 5074539.07, 'et ultrices posuere cubilia curae nulla dapibus dolor vel est donec odio justo sollicitudin ut suscipit', 'Rubber', 'khác', b'1'),
        (238, 6, 'Glass Clear 8 Oz', 'Neomycin and Polymyxin B Sulfates and Hydrocortisone', 8537297.11, 'et tempus semper est quam pharetra magna ac consequat metus sapien ut nunc vestibulum ante ipsum primis in', 'Wood', 'Con vật', b'0'),
        (239, 8, 'Tea - Honey Green Tea', 'Pantoprazole Sodium', 7230570.76, 'dapibus nulla suscipit ligula in lacus curabitur at ipsum ac', 'Vinyl', 'Con vật', b'1'),
        (240, 11, 'Peppercorns - Green', 'Sea Mist Antibacterial Hand', 2157280.84, 'vestibulum sit amet cursus id turpis integer aliquet massa id lobortis convallis tortor risus dapibus augue vel accumsan tellus nisi', 'Rubber', 'Con vật', b'0'),
        (241, 11, 'Syrup - Monin, Amaretta', 'Clarins Self Tanning Milk With Sun Protection Spf 6', 6674180.19, 'neque aenean auctor gravida sem praesent id massa id nisl venenatis lacinia', 'Plexiglass', 'khác', b'1'),
        (242, 13, 'Pepper - Green', 'Haloperidol Decanoate', 8986356.13, 'eget massa tempor convallis nulla neque libero convallis eget eleifend luctus', 'Brass', 'Con vật', b'0'),
        (243, 12, 'Wine - Savigny - Les - Beaune', 'Promethazine Hydrochloride', 1381875.65, 'id mauris vulputate elementum nullam varius nulla facilisi cras non velit nec nisi vulputate nonummy maecenas tincidunt lacus at velit', 'Vinyl', 'Con vật', b'1'),
        (244, 14, 'Orange Roughy 4/6 Oz', 'Methylphenidate Hydrochloride', 1524302.69, 'nisl nunc nisl duis bibendum felis sed interdum venenatis turpis enim blandit mi in porttitor', 'Rubber', 'Con vật', b'1'),
        (245, 16, 'Squid - Breaded', 'Lisinopril', 1901667.34, 'quam pharetra magna ac consequat metus sapien ut nunc vestibulum', 'Steel', 'Vuông', b'0'),
        (246, 5, 'Tart Shells - Savory, 4', 'Dr. Cocoa', 5406739.72, 'nibh quisque id justo sit amet sapien dignissim vestibulum vestibulum ante ipsum primis in faucibus', 'Wood', 'Con vật', b'0'),
        (247, 7, 'Olives - Nicoise', 'Antibiotic Plus Pain Relief', 3757921.73, 'et magnis dis parturient montes nascetur ridiculus mus vivamus vestibulum sagittis sapien cum', 'Plexiglass', 'Vuông', b'0'),
        (248, 9, 'Drambuie', 'Methylprednisolone Acetate', 8711757.17, 'quam sapien varius ut blandit non interdum in ante vestibulum ante ipsum primis in faucibus orci luctus', 'Vinyl', 'Vuông', b'0'),
        (249, 14, 'Cheese - Cheddar, Old White', 'Sunmark athletes foot liquid spray', 8586293.60, 'neque libero convallis eget eleifend luctus ultricies eu nibh quisque', 'Plastic', 'Tam giác', b'1'),
        (250, 1, 'Rice Pilaf, Dry,package', 'Bio Larch', 7861629.04, 'vel accumsan tellus nisi eu orci mauris lacinia sapien quis libero nullam', 'Rubber', 'Tròn', b'0'),
        (251, 8, 'Sobe - Orange Carrot', 'Nifedipine', 9604015.70, 'vestibulum sagittis sapien cum sociis natoque penatibus et magnis dis parturient montes nascetur ridiculus mus etiam vel', 'Stone', 'khác', b'1'),
        (252, 6, 'Carbonated Water - Lemon Lime', 'DIGOX', 3191876.68, 'penatibus et magnis dis parturient montes nascetur ridiculus mus vivamus vestibulum', 'Wood', 'khác', b'0'),
        (253, 8, 'Ham - Smoked, Bone - In', 'Nausea Vomitting', 3999625.71, 'non mattis pulvinar nulla pede ullamcorper augue a suscipit nulla elit ac nulla sed vel enim sit amet', 'Glass', 'Con vật', b'1'),
        (254, 11, 'Wine - Magnotta - Cab Franc', 'Phentermine Hydrochloride', 5756377.45, 'non pretium quis lectus suspendisse potenti in eleifend quam a odio in hac habitasse platea dictumst', 'Plastic', 'Tròn', b'1'),
        (255, 4, 'Tea - Herbal I Love Lemon', 'Lamivudine and Zidovudine', 7831006.12, 'eget congue eget semper rutrum nulla nunc purus phasellus in felis donec semper sapien a libero nam dui proin leo', 'Rubber', 'khác', b'0'),
        (256, 6, 'Sprouts - Baby Pea Tendrils', 'Horse Epithelium', 4726268.45, 'nunc purus phasellus in felis donec semper sapien a libero nam', 'Plexiglass', 'Tam giác', b'0'),
        (257, 9, 'Spice - Chili Powder Mexican', 'Ipratropium Bromide and Albuterol Sulfate', 6811182.11, 'orci luctus et ultrices posuere cubilia curae donec pharetra magna vestibulum aliquet ultrices erat tortor sollicitudin mi sit', 'Aluminum', 'khác', b'0'),
        (258, 8, 'Cocoa Powder - Natural', 'Glycopyrrolate', 6597408.30, 'cum sociis natoque penatibus et magnis dis parturient montes nascetur', 'Granite', 'khác', b'1'),
        (259, 3, 'Tea Peppermint', 'Metronidazole', 5353664.52, 'quis orci eget orci vehicula condimentum curabitur in libero ut massa volutpat convallis morbi odio', 'Steel', 'Con vật', b'0'),
        (260, 10, 'Wine - Lamancha Do Crianza', 'Methocarbamol', 2027847.59, 'viverra pede ac diam cras pellentesque volutpat dui maecenas tristique est et tempus semper est quam', 'Brass', 'Con vật', b'0'),
        (261, 14, 'Watercress', 'Allopurinol', 3015527.11, 'ut mauris eget massa tempor convallis nulla neque libero convallis eget eleifend luctus ultricies', 'Glass', 'Vuông', b'0'),
        (262, 7, 'Veal - Inside Round / Top, Lean', 'First Aid Antiseptic', 8570931.39, 'ipsum ac tellus semper interdum mauris ullamcorper purus sit amet nulla', 'Vinyl', 'Con vật', b'1'),
        (263, 13, 'Bread - Italian Corn Meal Poly', 'MEIJER MEDICATED WIPES', 1245360.86, 'vestibulum vestibulum ante ipsum primis in faucibus orci luctus et ultrices posuere cubilia curae nulla dapibus dolor vel', 'Stone', 'khác', b'0'),
        (264, 10, 'Island Oasis - Raspberry', 'Millet', 1845524.57, 'tempus semper est quam pharetra magna ac consequat metus sapien ut nunc vestibulum ante ipsum', 'Plexiglass', 'Tam giác', b'1'),
        (265, 2, 'Creme De Cacao Mcguines', 'ORIGINAL POWER ENERGY AMPOULE', 8499540.32, 'sed sagittis nam congue risus semper porta volutpat quam pede lobortis ligula sit amet', 'Stone', 'Vuông', b'0'),
        (266, 7, 'Table Cloth 53x53 White', 'Mirapex', 9192759.70, 'vivamus vestibulum sagittis sapien cum sociis natoque penatibus et magnis dis parturient montes nascetur ridiculus mus', 'Brass', 'Vuông', b'1'),
        (267, 3, 'Sour Puss Sour Apple', 'Lovastatin', 374865.61, 'fermentum justo nec condimentum neque sapien placerat ante nulla justo aliquam quis turpis eget elit sodales scelerisque', 'Rubber', 'khác', b'0'),
        (268, 14, 'Cheese - Asiago', 'Phentermine Hydrochloride', 7915311.02, 'ultrices phasellus id sapien in sapien iaculis congue vivamus metus arcu', 'Aluminum', 'Tam giác', b'0'),
        (269, 5, 'Hickory Smoke, Liquid', 'ZOVIRAX', 5615892.01, 'vestibulum ante ipsum primis in faucibus orci luctus et ultrices posuere cubilia curae nulla dapibus dolor', 'Stone', 'Tam giác', b'0'),
        (270, 6, 'Wine - Bouchard La Vignee Pinot', 'DIAMITE', 493399.80, 'nibh fusce lacus purus aliquet at feugiat non pretium quis', 'Vinyl', 'Vuông', b'1'),
        (271, 10, 'Salad Dressing', 'Morphine Sulfate', 3544624.37, 'pretium iaculis justo in hac habitasse platea dictumst etiam faucibus', 'Granite', 'Tròn', b'1'),
        (272, 11, 'Fork - Plastic', 'Atenolol', 6340651.39, 'proin interdum mauris non ligula pellentesque ultrices phasellus id sapien', 'Stone', 'Tam giác', b'0'),
        (273, 5, 'Pepper - Red Chili', 'Dex-Tuss', 3638515.16, 'curabitur convallis duis consequat dui nec nisi volutpat eleifend donec ut', 'Aluminum', 'Con vật', b'0'),
        (274, 15, 'Water - Perrier', 'Irbesartan', 9727975.03, 'elementum ligula vehicula consequat morbi a ipsum integer a nibh', 'Glass', 'Tam giác', b'1'),
        (275, 10, 'Crawfish', 'Diclofenac Sodium', 1315873.28, 'est donec odio justo sollicitudin ut suscipit a feugiat et eros vestibulum ac', 'Plexiglass', 'Tam giác', b'0'),
        (276, 7, 'Poppy Seed', 'Brain Supp', 6396421.69, 'pede lobortis ligula sit amet eleifend pede libero quis orci nullam molestie nibh in lectus', 'Aluminum', 'Vuông', b'0'),
        (277, 2, 'Irish Cream - Baileys', 'Bio-S-Pres', 3298135.46, 'fusce lacus purus aliquet at feugiat non pretium quis lectus suspendisse potenti in eleifend quam a', 'Aluminum', 'Con vật', b'0'),
        (278, 5, 'Beer - Fruli', 'Flawless Finish Bare Perfection Makeup SPF 8 Ivory', 3438441.74, 'ac nibh fusce lacus purus aliquet at feugiat non pretium quis lectus suspendisse', 'Stone', 'Tam giác', b'0'),
        (279, 15, 'Bread - Hot Dog Buns', 'ShopRite Aller Ease', 1684470.15, 'platea dictumst etiam faucibus cursus urna ut tellus nulla ut erat', 'Brass', 'Vuông', b'1'),
        (280, 8, 'Pastry - French Mini Assorted', 'SEROQUEL', 3495187.05, 'platea dictumst maecenas ut massa quis augue luctus tincidunt nulla', 'Vinyl', 'khác', b'0'),
        (281, 6, 'Wine - Black Tower Qr', 'RYZOLT', 3730683.97, 'interdum eu tincidunt in leo maecenas pulvinar lobortis est phasellus sit amet erat nulla tempus vivamus in felis', 'Aluminum', 'Con vật', b'1'),
        (282, 4, 'Pepper - Paprika, Spanish', 'EXTRA STRENGTH WITH NATURAL MENTHOL GLACIER MINT COUGH SUPPRESSANT', 1845935.10, 'pede morbi porttitor lorem id ligula suspendisse ornare consequat lectus in est risus auctor', 'Vinyl', 'Tam giác', b'0'),
        (283, 16, 'Bandage - Flexible Neon', 'Pleo Ut', 7562338.24, 'vel nulla eget eros elementum pellentesque quisque porta volutpat erat quisque erat eros viverra eget congue eget', 'Stone', 'khác', b'1'),
        (284, 14, 'Cheese - Le Cheve Noir', 'mally Lip Defender', 4110940.71, 'lectus suspendisse potenti in eleifend quam a odio in hac habitasse platea dictumst maecenas ut massa', 'Plexiglass', 'Tròn', b'1'),
        (285, 2, 'Wine - White, Riesling, Semi - Dry', 'American Cockroach', 6118680.20, 'massa volutpat convallis morbi odio odio elementum eu interdum eu tincidunt in', 'Rubber', 'Tam giác', b'1'),
        (286, 12, 'Ice Cream - Life Savers', 'Gillette Clear', 13986.09, 'viverra diam vitae quam suspendisse potenti nullam porttitor lacus at turpis donec posuere metus vitae ipsum aliquam non mauris', 'Wood', 'khác', b'0'),
        (287, 8, 'Shrimp - 31/40', 'Addiclenz', 8622933.83, 'ut erat curabitur gravida nisi at nibh in hac habitasse platea dictumst aliquam augue quam sollicitudin vitae consectetuer', 'Stone', 'Vuông', b'1'),
        (288, 7, 'Arctic Char - Fillets', 'Methylphenidate Hydrochloride', 824695.30, 'varius ut blandit non interdum in ante vestibulum ante ipsum primis in', 'Brass', 'Tam giác', b'0'),
        (289, 5, 'Beer - Camerons Auburn', 'Pleo Rec', 2065444.13, 'ultrices vel augue vestibulum ante ipsum primis in faucibus orci luctus et', 'Stone', 'Vuông', b'1'),
        (290, 13, 'Jameson - Irish Whiskey', 'MDSolarSciences', 1998731.64, 'mauris lacinia sapien quis libero nullam sit amet turpis elementum ligula vehicula', 'Brass', 'Vuông', b'0'),
        (291, 9, 'Pasta - Fett Alfredo, Single Serve', 'Monoclate-P', 3485163.99, 'pulvinar sed nisl nunc rhoncus dui vel sem sed sagittis nam congue risus semper porta volutpat quam pede lobortis', 'Vinyl', 'khác', b'0'),
        (292, 1, 'Table Cloth - 53x69 Colour', 'Buckwheat Grain', 9337932.32, 'erat volutpat in congue etiam justo etiam pretium iaculis justo in', 'Plastic', 'Con vật', b'1'),
        (293, 1, 'Soup - Beef Conomme, Dry', 'Allernest', 6314258.36, 'lobortis sapien sapien non mi integer ac neque duis bibendum morbi non quam nec dui', 'Stone', 'Con vật', b'0'),
        (294, 11, 'Carrots - Mini, Stem On', 'Dorzolamide HCl /Timolol Maleate', 4290132.41, 'nunc viverra dapibus nulla suscipit ligula in lacus curabitur at ipsum ac tellus semper interdum mauris', 'Wood', 'Vuông', b'1'),
        (295, 11, 'Snapple Raspberry Tea', 'Dexbrompherniramine Maleate and Pseudoephedrine Sulfate', 2438693.53, 'nulla pede ullamcorper augue a suscipit nulla elit ac nulla sed', 'Steel', 'Vuông', b'1'),
        (296, 1, 'Jam - Marmalade, Orange', 'Irbesartan', 8294060.68, 'massa id lobortis convallis tortor risus dapibus augue vel accumsan tellus nisi eu orci', 'Granite', 'khác', b'0'),
        (297, 6, 'Chervil - Fresh', 'Galantamine', 2809367.28, 'amet cursus id turpis integer aliquet massa id lobortis convallis tortor risus dapibus augue vel', 'Glass', 'Vuông', b'1'),
        (298, 5, 'Cake - Box Window 10x10x2.5', 'Nystatin', 5248611.34, 'vitae mattis nibh ligula nec sem duis aliquam convallis nunc proin at', 'Plexiglass', 'khác', b'0'),
        (299, 12, 'Sesame Seed Black', 'Estradiol', 7954602.66, 'auctor sed tristique in tempus sit amet sem fusce consequat nulla nisl nunc', 'Vinyl', 'Vuông', b'1'),
        (300, 14, 'Chips Potato Swt Chilli Sour', 'Lisinopril', 7054672.63, 'nisl ut volutpat sapien arcu sed augue aliquam erat volutpat in congue etiam justo etiam pretium iaculis justo', 'Wood', 'Tròn', b'0'),
        (301, 13, 'Cheese - Feta', 'Betaxolol', 292964.34, 'tincidunt lacus at velit vivamus vel nulla eget eros elementum pellentesque quisque porta', 'Wood', 'Tròn', b'1'),
        (302, 7, 'Beer - Sleemans Cream Ale', 'Alka-Seltzer XTRA STRENGTH', 7954402.08, 'in felis donec semper sapien a libero nam dui proin leo odio porttitor id consequat', 'Glass', 'Tam giác', b'0'),
        (303, 5, 'Island Oasis - Ice Cream Mix', 'Haloperidol', 78866.38, 'nec nisi vulputate nonummy maecenas tincidunt lacus at velit vivamus vel', 'Steel', 'Tam giác', b'0'),
        (304, 1, 'Lettuce - Lolla Rosa', 'Dextrose And Sodium Chloride', 6196526.62, 'tellus semper interdum mauris ullamcorper purus sit amet nulla quisque arcu libero rutrum ac lobortis vel dapibus at', 'Plexiglass', 'Vuông', b'1'),
        (305, 12, 'Lettuce - Sea / Sea Asparagus', 'Cyclobenzaprine Hydrochloride', 8642090.36, 'odio consequat varius integer ac leo pellentesque ultrices mattis odio donec vitae nisi nam ultrices', 'Stone', 'khác', b'1'),
        (306, 3, 'Onions - Cooking', 'Molds, Rusts and Smuts, Curvularia spicifera', 4912302.27, 'orci mauris lacinia sapien quis libero nullam sit amet turpis elementum', 'Plexiglass', 'Tròn', b'0'),
        (307, 8, 'Beer - Original Organic Lager', 'Oxygen', 6472144.23, 'at nulla suspendisse potenti cras in purus eu magna vulputate luctus cum sociis', 'Plexiglass', 'Tam giác', b'1'),
        (308, 16, 'Spic And Span All Purpose', 'Oxygen', 426831.75, 'morbi porttitor lorem id ligula suspendisse ornare consequat lectus in est risus', 'Stone', 'Tròn', b'1'),
        (309, 6, 'Sauce Tomato Pouch', 'Orbactiv', 9971620.60, 'eu orci mauris lacinia sapien quis libero nullam sit amet turpis elementum', 'Granite', 'Vuông', b'0'),
        (310, 9, 'Lambcasing', 'Vancomycin Hydrochloride', 4392406.37, 'mattis pulvinar nulla pede ullamcorper augue a suscipit nulla elit ac nulla', 'Plastic', 'Tròn', b'1'),
        (311, 5, 'Tomatoes - Hot House', 'LBEL COULEUR LUXE AMPLIFIER XP', 2337885.33, 'lectus in quam fringilla rhoncus mauris enim leo rhoncus sed vestibulum sit amet cursus id', 'Stone', 'Vuông', b'0'),
        (312, 4, 'Apple - Fuji', 'Lucky', 3858538.30, 'quis libero nullam sit amet turpis elementum ligula vehicula consequat morbi', 'Wood', 'Tròn', b'0'),
        (313, 2, 'Pork - European Side Bacon', 'Phrenilin', 9164298.29, 'nonummy integer non velit donec diam neque vestibulum eget vulputate ut ultrices vel augue vestibulum ante ipsum', 'Glass', 'Vuông', b'1'),
        (314, 5, 'Soho Lychee Liqueur', 'Arava', 9837787.85, 'neque aenean auctor gravida sem praesent id massa id nisl venenatis lacinia aenean sit amet justo morbi ut odio', 'Glass', 'Vuông', b'1'),
        (315, 5, 'Pasta - Canelloni', 'Doxepin Hydrochloride', 3771768.97, 'justo pellentesque viverra pede ac diam cras pellentesque volutpat dui maecenas', 'Brass', 'khác', b'1'),
        (316, 11, 'Beer - Upper Canada Lager', 'Carvedilol', 3143994.61, 'nullam porttitor lacus at turpis donec posuere metus vitae ipsum aliquam non', 'Wood', 'Tròn', b'0'),
        (317, 5, 'Tray - Foam, Square 4 - S', 'Causticum Kit Refill', 6936019.99, 'natoque penatibus et magnis dis parturient montes nascetur ridiculus mus etiam vel augue vestibulum', 'Plastic', 'Vuông', b'0'),
        (318, 6, 'Coffee - Decafenated', 'Precose', 5732992.05, 'semper sapien a libero nam dui proin leo odio porttitor id consequat in consequat ut nulla sed accumsan felis', 'Plexiglass', 'Vuông', b'1'),
        (319, 10, 'Muffin - Zero Transfat', 'Hydrochlorothiazide', 9169016.07, 'volutpat eleifend donec ut dolor morbi vel lectus in quam fringilla rhoncus mauris enim leo rhoncus sed vestibulum sit amet', 'Glass', 'Tròn', b'0'),
        (320, 6, 'Lobster - Canned Premium', 'Prandin', 4834454.90, 'pellentesque viverra pede ac diam cras pellentesque volutpat dui maecenas tristique est et tempus semper', 'Rubber', 'Con vật', b'0'),
        (321, 16, 'Mushroom - Porcini, Dry', 'Triamterene hydrochlorothiazide', 4804365.33, 'sapien urna pretium nisl ut volutpat sapien arcu sed augue aliquam erat volutpat in congue etiam justo etiam', 'Rubber', 'Con vật', b'0'),
        (322, 5, 'Sugar - White Packet', 'Acetazolamide', 5602588.69, 'in lacus curabitur at ipsum ac tellus semper interdum mauris ullamcorper purus sit', 'Glass', 'Tam giác', b'0'),
        (323, 3, 'Beef - Bresaola', 'Edema', 7242122.26, 'in faucibus orci luctus et ultrices posuere cubilia curae duis faucibus accumsan odio curabitur convallis duis', 'Granite', 'Tam giác', b'1'),
        (324, 3, 'Hold Up Tool Storage Rack', 'Healthy Accents Stay Awake', 9514578.91, 'enim leo rhoncus sed vestibulum sit amet cursus id turpis integer aliquet massa id lobortis', 'Granite', 'Tròn', b'1'),
        (325, 8, 'Nori Sea Weed', 'ENGLISH WALNUT', 5400605.89, 'id justo sit amet sapien dignissim vestibulum vestibulum ante ipsum primis in faucibus orci luctus', 'Stone', 'Tròn', b'0'),
        (326, 3, 'Bread - Italian Roll With Herbs', 'good neighbor pharmacy loratadine', 396925.88, 'in faucibus orci luctus et ultrices posuere cubilia curae mauris viverra diam vitae quam suspendisse potenti nullam porttitor lacus at', 'Aluminum', 'khác', b'1'),
        (327, 16, 'Daves Island Stinger', 'Losartan Potassium and Hydrochlorothiazide', 6930080.02, 'in magna bibendum imperdiet nullam orci pede venenatis non sodales sed tincidunt eu', 'Brass', 'khác', b'0'),
        (328, 6, 'Carrots - Jumbo', 'Prednisone', 6755191.24, 'est quam pharetra magna ac consequat metus sapien ut nunc vestibulum ante ipsum primis in faucibus orci', 'Stone', 'Con vật', b'0'),
        (329, 4, 'Veal - Provimi Inside', 'EAR CARE', 3450215.77, 'praesent blandit lacinia erat vestibulum sed magna at nunc commodo placerat praesent blandit nam nulla integer pede', 'Steel', 'Vuông', b'1'),
        (330, 10, 'Bread - Dark Rye, Loaf', 'Istalol', 8422616.57, 'nibh ligula nec sem duis aliquam convallis nunc proin at turpis a pede posuere nonummy integer non velit donec diam', 'Plastic', 'khác', b'0'),
        (331, 11, 'Bar Bran Honey Nut', 'Poverty Weed', 4021173.30, 'id mauris vulputate elementum nullam varius nulla facilisi cras non velit nec nisi vulputate nonummy', 'Steel', 'Tam giác', b'1'),
        (332, 10, 'Tea - Jasmin Green', 'Antiseptic Mouth Rinse', 1734217.77, 'primis in faucibus orci luctus et ultrices posuere cubilia curae nulla', 'Glass', 'Vuông', b'0'),
        (333, 14, 'Chicken - Livers', 'Animi-3', 2444154.29, 'quis orci eget orci vehicula condimentum curabitur in libero ut massa volutpat', 'Glass', 'Tam giác', b'0'),
        (334, 5, 'Tobasco Sauce', 'Carbidopa, levodopa and entacapone', 1188182.22, 'convallis nulla neque libero convallis eget eleifend luctus ultricies eu', 'Stone', 'khác', b'1'),
        (335, 2, 'Fish - Base, Bouillion', 'Equate Mucus ER', 1664941.04, 'ut mauris eget massa tempor convallis nulla neque libero convallis eget eleifend luctus ultricies eu nibh quisque id justo sit', 'Brass', 'Con vật', b'0'),
        (336, 7, 'Jicama', 'Docusate Sodium', 6494854.31, 'consequat nulla nisl nunc nisl duis bibendum felis sed interdum venenatis turpis enim blandit mi', 'Granite', 'Tam giác', b'0'),
        (337, 6, 'Fish - Atlantic Salmon, Cold', 'Amoxicillin and Clavulanate Potassium', 9532967.37, 'posuere cubilia curae duis faucibus accumsan odio curabitur convallis duis consequat dui nec nisi volutpat', 'Glass', 'Tròn', b'1'),
        (338, 10, 'Mangoes', 'Buspirone Hydrochloride', 3060661.42, 'enim in tempor turpis nec euismod scelerisque quam turpis adipiscing lorem vitae mattis nibh ligula', 'Plexiglass', 'Vuông', b'0'),
        (339, 16, 'Syrup - Monin, Irish Cream', 'Winning Hands Premium Antibacterial', 7114924.02, 'ullamcorper purus sit amet nulla quisque arcu libero rutrum ac lobortis vel dapibus at diam nam', 'Aluminum', 'Tam giác', b'0'),
        (340, 10, 'Wine - Carmenere Casillero Del', 'SILVADENE', 6241663.41, 'ultrices posuere cubilia curae donec pharetra magna vestibulum aliquet ultrices erat tortor', 'Wood', 'Vuông', b'0'),
        (341, 3, 'Lettuce - Boston Bib - Organic', 'Warfarin Sodium', 6498018.25, 'metus arcu adipiscing molestie hendrerit at vulputate vitae nisl aenean lectus', 'Wood', 'Con vật', b'1'),
        (342, 9, 'Beef - Striploin Aa', 'Aplicare Povidone-iodine Scrub', 6466895.47, 'vestibulum ante ipsum primis in faucibus orci luctus et ultrices posuere cubilia curae donec pharetra magna', 'Plastic', 'Con vật', b'0'),
        (343, 5, 'Macaroons - Homestyle Two Bit', 'Pollens - Trees, Willow, Black Salix nigra', 5022324.67, 'integer ac leo pellentesque ultrices mattis odio donec vitae nisi', 'Vinyl', 'Tam giác', b'0'),
        (344, 1, 'Bread - Italian Roll With Herbs', 'benzonatate', 3819433.75, 'rutrum neque aenean auctor gravida sem praesent id massa id nisl venenatis lacinia aenean sit amet justo morbi ut', 'Stone', 'Con vật', b'1'),
        (345, 5, 'Chocolate - Pistoles, White', 'Fresh Morning Bifidus', 7788918.16, 'risus dapibus augue vel accumsan tellus nisi eu orci mauris lacinia sapien quis libero nullam sit amet', 'Rubber', 'Tròn', b'0'),
        (346, 14, 'Truffle - Peelings', 'Famotidine', 8523574.92, 'nascetur ridiculus mus etiam vel augue vestibulum rutrum rutrum neque aenean auctor gravida', 'Glass', 'Tam giác', b'0'),
        (347, 8, 'Remy Red Berry Infusion', 'CellCept', 8391725.87, 'mauris lacinia sapien quis libero nullam sit amet turpis elementum ligula', 'Steel', 'khác', b'1'),
        (348, 15, 'Hummus - Spread', 'pain and fever', 3576281.68, 'rhoncus dui vel sem sed sagittis nam congue risus semper porta volutpat', 'Stone', 'Tam giác', b'1'),
        (349, 2, 'Salami - Genova', 'Gallbladder Liver Meridian Opener', 7563499.74, 'curabitur at ipsum ac tellus semper interdum mauris ullamcorper purus sit amet nulla', 'Stone', 'Tam giác', b'1'),
        (350, 13, 'Beans - Black Bean, Canned', 'Pantoprazole Sodium', 9443041.36, 'in consequat ut nulla sed accumsan felis ut at dolor', 'Stone', 'Tròn', b'0'),
        (351, 12, 'Cut Wakame - Hanawakaba', 'Citalopram Hydrobromide', 1913526.31, 'sapien varius ut blandit non interdum in ante vestibulum ante ipsum primis in faucibus orci luctus et ultrices posuere cubilia', 'Stone', 'Tròn', b'1'),
        (352, 4, 'Sage Ground Wiberg', 'Promethazine Hydrochloride', 9181611.24, 'iaculis congue vivamus metus arcu adipiscing molestie hendrerit at vulputate vitae nisl aenean lectus pellentesque eget nunc donec quis orci', 'Brass', 'Tròn', b'1'),
        (353, 1, 'Spring Roll Veg Mini', 'ENALAPRIL MALEATE', 6426441.26, 'ligula sit amet eleifend pede libero quis orci nullam molestie', 'Granite', 'Tam giác', b'1'),
        (354, 10, 'Shrimp - 16 - 20 Cooked, Peeled', 'Lidocaine Hydrochloride and Epinephrine', 7837213.12, 'vestibulum aliquet ultrices erat tortor sollicitudin mi sit amet lobortis sapien sapien non mi integer ac', 'Plastic', 'Tròn', b'0'),
        (355, 5, 'Tortillas - Flour, 10', 'Fluconazole', 8803772.06, 'et commodo vulputate justo in blandit ultrices enim lorem ipsum dolor sit amet', 'Brass', 'Tròn', b'0'),
        (356, 2, 'Tea - Darjeeling, Azzura', 'HYDROMORPHONE HYDROCHLORIDE', 8651192.01, 'dui nec nisi volutpat eleifend donec ut dolor morbi vel lectus in quam fringilla rhoncus mauris', 'Wood', 'khác', b'1'),
        (357, 16, 'Tomatoes - Yellow Hot House', 'QUERCUS ALBA POLLEN', 5134907.85, 'eros viverra eget congue eget semper rutrum nulla nunc purus phasellus in felis', 'Brass', 'Tam giác', b'0'),
        (358, 5, 'Sauce - Fish 25 Ozf Bottle', 'Milky Dress The White Platinum', 3129905.64, 'molestie nibh in lectus pellentesque at nulla suspendisse potenti cras in', 'Vinyl', 'Vuông', b'0'),
        (359, 5, 'Cookies Oatmeal Raisin', 'Allergy', 1510574.43, 'ante ipsum primis in faucibus orci luctus et ultrices posuere cubilia curae donec pharetra magna vestibulum aliquet ultrices erat tortor', 'Aluminum', 'Vuông', b'1'),
        (360, 7, 'Salmon - Smoked, Sliced', 'Prednisone', 3825750.83, 'donec ut dolor morbi vel lectus in quam fringilla rhoncus mauris enim', 'Rubber', 'Tròn', b'0'),
        (361, 15, 'Oil - Cooking Spray', 'Labetalol hydrochloride', 6924351.30, 'eu sapien cursus vestibulum proin eu mi nulla ac enim', 'Wood', 'Con vật', b'1'),
        (362, 2, 'Snapple Raspberry Tea', 'Doxazosin', 688199.96, 'massa volutpat convallis morbi odio odio elementum eu interdum eu tincidunt in leo maecenas pulvinar lobortis est phasellus sit amet', 'Vinyl', 'Vuông', b'0'),
        (363, 11, 'Potatoes - Idaho 80 Count', 'Enoxaparin Sodium', 8687322.43, 'pede posuere nonummy integer non velit donec diam neque vestibulum', 'Stone', 'Vuông', b'1'),
        (364, 5, 'Wine - Chenin Blanc K.w.v.', 'QUERCUS ALBA POLLEN', 856122.16, 'nisi venenatis tristique fusce congue diam id ornare imperdiet sapien urna pretium', 'Plexiglass', 'khác', b'1'),
        (365, 7, 'Bread - Roll, Soft White Round', 'Axe', 2304870.22, 'non quam nec dui luctus rutrum nulla tellus in sagittis dui vel nisl duis ac', 'Vinyl', 'Vuông', b'1'),
        (366, 5, 'Pastry - French Mini Assorted', 'equate vitamins a and d', 996408.02, 'cubilia curae duis faucibus accumsan odio curabitur convallis duis consequat dui nec nisi volutpat eleifend', 'Stone', 'Tam giác', b'0'),
        (367, 9, 'Wine - Valpolicella Masi', 'oxaliplatin', 5686410.90, 'faucibus cursus urna ut tellus nulla ut erat id mauris vulputate', 'Brass', 'khác', b'1'),
        (368, 5, 'Grapefruit - White', 'Lorazepam', 2867131.49, 'porttitor id consequat in consequat ut nulla sed accumsan felis ut at dolor', 'Plexiglass', 'Vuông', b'0'),
        (369, 5, 'Oil - Sunflower', 'VITACILINA Bebe Diaper Rash', 188298.90, 'vivamus tortor duis mattis egestas metus aenean fermentum donec ut mauris eget massa tempor', 'Stone', 'Con vật', b'1'),
        (370, 1, 'Bread - Raisin Walnut Pull', 'Energy Catalyst', 221574.67, 'mauris ullamcorper purus sit amet nulla quisque arcu libero rutrum ac lobortis', 'Plastic', 'Tròn', b'0'),
        (371, 4, 'Shrimp, Dried, Small / Lb', 'Pork', 3493227.85, 'justo morbi ut odio cras mi pede malesuada in imperdiet et commodo vulputate justo in blandit', 'Plastic', 'khác', b'0'),
        (372, 4, 'Water - Perrier', 'Biaxin', 5904036.63, 'ipsum primis in faucibus orci luctus et ultrices posuere cubilia curae mauris viverra diam vitae quam suspendisse potenti nullam', 'Aluminum', 'Vuông', b'1');

    -- Dumping structure for table mat_kinh_kimi.product_discounts
    CREATE TABLE IF NOT EXISTS `product_discounts` (
      `id` int(11) NOT NULL AUTO_INCREMENT,
      `productId` int(11) DEFAULT NULL,
      `pricePercentage` decimal(10,2) DEFAULT NULL,
      `dateStart` datetime DEFAULT NULL,
      `dateEnd` datetime DEFAULT NULL,
      PRIMARY KEY (`id`),
      KEY `product_discounts_productId_product_id_fk` (`productId`),
      CONSTRAINT `product_discounts_productId_product_id_fk` FOREIGN KEY (`productId`) REFERENCES `products` (`id`) ON DELETE NO ACTION ON UPDATE NO ACTION
    ) ENGINE=InnoDB AUTO_INCREMENT=7 DEFAULT CHARSET=utf8mb4 COLLATE=utf8mb4_general_ci;

    -- Dumping data for table mat_kinh_kimi.product_discounts: ~0 rows (approximately)

    -- Dumping structure for table mat_kinh_kimi.product_images
    CREATE TABLE IF NOT EXISTS `product_images` (
      `id` int(11) NOT NULL AUTO_INCREMENT,
      `productId` int(11) DEFAULT NULL,
      `urlImage` varchar(255) DEFAULT NULL,
      PRIMARY KEY (`id`),
      KEY `product_images_productId_product_id_fk` (`productId`),
      CONSTRAINT `product_images_productId_product_id_fk` FOREIGN KEY (`productId`) REFERENCES `products` (`id`) ON DELETE NO ACTION ON UPDATE NO ACTION
    ) ENGINE=InnoDB AUTO_INCREMENT=1997 DEFAULT CHARSET=utf8mb4 COLLATE=utf8mb4_general_ci;

    -- Dumping data for table mat_kinh_kimi.product_images: ~1,980 rows (approximately)
    INSERT INTO `product_images` (`id`, `productId`, `urlImage`) VALUES
        (1, 1, 'images\\product\\1\\0.png'),
        (2, 1, 'images\\product\\1\\1.png'),
        (3, 10, 'images\\product\\10\\0.jpg'),
        (4, 10, 'images\\product\\10\\1.jpg'),
        (5, 10, 'images\\product\\10\\2.jpg'),
        (6, 10, 'images\\product\\10\\3.jpg'),
        (7, 10, 'images\\product\\10\\4.jpg'),
        (8, 10, 'images\\product\\10\\5.jpg'),
        (9, 10, 'images\\product\\10\\6.jpg'),
        (18, 101, 'images\\product\\101\\0.jpg'),
        (19, 101, 'images\\product\\101\\1.jpg'),
        (20, 101, 'images\\product\\101\\2.jpg'),
        (21, 102, 'images\\product\\102\\0.jpg'),
        (22, 102, 'images\\product\\102\\1.jpg'),
        (23, 102, 'images\\product\\102\\2.jpg'),
        (24, 102, 'images\\product\\102\\3.jpg'),
        (25, 102, 'images\\product\\102\\4.jpg'),
        (26, 102, 'images\\product\\102\\5.jpg'),
        (27, 102, 'images\\product\\102\\6.jpg'),
        (28, 102, 'images\\product\\102\\7.jpg'),
        (29, 102, 'images\\product\\102\\8.jpg'),
        (30, 102, 'images\\product\\102\\9.jpg'),
        (31, 103, 'images\\product\\103\\0.jpg'),
        (32, 103, 'images\\product\\103\\1.jpg'),
        (33, 103, 'images\\product\\103\\2.jpg'),
        (34, 103, 'images\\product\\103\\3.jpg'),
        (35, 103, 'images\\product\\103\\4.jpg'),
        (36, 103, 'images\\product\\103\\5.jpg'),
        (37, 103, 'images\\product\\103\\6.jpg'),
        (38, 103, 'images\\product\\103\\7.jpg'),
        (39, 103, 'images\\product\\103\\8.jpg'),
        (40, 104, 'images\\product\\104\\0.jpg'),
        (41, 104, 'images\\product\\104\\1.jpg'),
        (42, 104, 'images\\product\\104\\2.jpg'),
        (43, 104, 'images\\product\\104\\3.jpg'),
        (44, 104, 'images\\product\\104\\4.jpg'),
        (45, 105, 'images\\product\\105\\0.jpg'),
        (46, 105, 'images\\product\\105\\1.jpg'),
        (47, 105, 'images\\product\\105\\2.jpg'),
        (48, 105, 'images\\product\\105\\3.jpg'),
        (49, 105, 'images\\product\\105\\4.jpg'),
        (50, 105, 'images\\product\\105\\5.jpg'),
        (51, 105, 'images\\product\\105\\6.jpg'),
        (52, 106, 'images\\product\\106\\0.jpg'),
        (53, 106, 'images\\product\\106\\1.jpg'),
        (54, 106, 'images\\product\\106\\10.jpg'),
        (55, 106, 'images\\product\\106\\11.jpg'),
        (56, 106, 'images\\product\\106\\12.jpg'),
        (57, 106, 'images\\product\\106\\13.jpg'),
        (58, 106, 'images\\product\\106\\14.jpg'),
        (59, 106, 'images\\product\\106\\2.jpg'),
        (60, 106, 'images\\product\\106\\3.jpg'),
        (61, 106, 'images\\product\\106\\4.jpg'),
        (62, 106, 'images\\product\\106\\5.jpg'),
        (63, 106, 'images\\product\\106\\6.jpg'),
        (64, 106, 'images\\product\\106\\7.jpg'),
        (65, 106, 'images\\product\\106\\8.jpg'),
        (66, 106, 'images\\product\\106\\9.jpg'),
        (67, 107, 'images\\product\\107\\0.jpg'),
        (68, 107, 'images\\product\\107\\1.jpg'),
        (69, 107, 'images\\product\\107\\2.jpg'),
        (70, 108, 'images\\product\\108\\0.jpg'),
        (71, 108, 'images\\product\\108\\1.jpg'),
        (72, 108, 'images\\product\\108\\2.jpg'),
        (73, 108, 'images\\product\\108\\3.jpg'),
        (74, 109, 'images\\product\\109\\0.jpg'),
        (75, 109, 'images\\product\\109\\1.jpg'),
        (76, 109, 'images\\product\\109\\2.jpg'),
        (77, 109, 'images\\product\\109\\3.jpg'),
        (78, 109, 'images\\product\\109\\4.jpg'),
        (79, 109, 'images\\product\\109\\5.jpg'),
        (80, 109, 'images\\product\\109\\6.jpg'),
        (81, 11, 'images\\product\\11\\0.jpg'),
        (82, 11, 'images\\product\\11\\1.jpg'),
        (83, 11, 'images\\product\\11\\2.jpg'),
        (84, 11, 'images\\product\\11\\3.jpg'),
        (85, 11, 'images\\product\\11\\4.jpg'),
        (86, 110, 'images\\product\\110\\0.jpg'),
        (87, 110, 'images\\product\\110\\1.jpg'),
        (88, 110, 'images\\product\\110\\2.jpg'),
        (89, 110, 'images\\product\\110\\3.jpg'),
        (90, 110, 'images\\product\\110\\4.jpg'),
        (91, 111, 'images\\product\\111\\0.jpg'),
        (92, 111, 'images\\product\\111\\1.jpg'),
        (93, 111, 'images\\product\\111\\2.jpg'),
        (94, 111, 'images\\product\\111\\3.jpg'),
        (95, 111, 'images\\product\\111\\4.jpg'),
        (96, 112, 'images\\product\\112\\0.jpg'),
        (97, 112, 'images\\product\\112\\1.jpg'),
        (98, 112, 'images\\product\\112\\2.jpg'),
        (99, 113, 'images\\product\\113\\0.jpg'),
        (100, 113, 'images\\product\\113\\1.jpg'),
        (101, 113, 'images\\product\\113\\2.jpg'),
        (102, 113, 'images\\product\\113\\3.jpg'),
        (103, 113, 'images\\product\\113\\4.jpg'),
        (104, 113, 'images\\product\\113\\5.jpg'),
        (105, 113, 'images\\product\\113\\6.jpg'),
        (106, 113, 'images\\product\\113\\7.jpg'),
        (107, 114, 'images\\product\\114\\0.jpg'),
        (108, 114, 'images\\product\\114\\1.jpg'),
        (109, 114, 'images\\product\\114\\2.jpg'),
        (110, 114, 'images\\product\\114\\3.jpg'),
        (111, 115, 'images\\product\\115\\0.jpg'),
        (112, 115, 'images\\product\\115\\1.jpg'),
        (113, 115, 'images\\product\\115\\2.jpg'),
        (114, 115, 'images\\product\\115\\3.jpg'),
        (115, 115, 'images\\product\\115\\4.jpg'),
        (116, 115, 'images\\product\\115\\5.jpg'),
        (117, 115, 'images\\product\\115\\6.jpg'),
        (118, 116, 'images\\product\\116\\0.jpg'),
        (119, 116, 'images\\product\\116\\1.jpg'),
        (120, 116, 'images\\product\\116\\2.jpg'),
        (121, 116, 'images\\product\\116\\3.jpg'),
        (122, 116, 'images\\product\\116\\4.jpg'),
        (123, 116, 'images\\product\\116\\5.jpg'),
        (124, 116, 'images\\product\\116\\6.jpg'),
        (125, 117, 'images\\product\\117\\0.jpg'),
        (126, 117, 'images\\product\\117\\1.jpg'),
        (127, 117, 'images\\product\\117\\2.jpg'),
        (128, 117, 'images\\product\\117\\3.jpg'),
        (129, 117, 'images\\product\\117\\4.jpg'),
        (130, 118, 'images\\product\\118\\0.jpg'),
        (131, 118, 'images\\product\\118\\1.jpg'),
        (132, 118, 'images\\product\\118\\2.jpg'),
        (133, 118, 'images\\product\\118\\3.jpg'),
        (134, 118, 'images\\product\\118\\4.jpg'),
        (135, 119, 'images\\product\\119\\0.jpg'),
        (136, 119, 'images\\product\\119\\1.jpg'),
        (137, 119, 'images\\product\\119\\2.jpg'),
        (138, 119, 'images\\product\\119\\3.jpg'),
        (139, 119, 'images\\product\\119\\4.jpg'),
        (140, 12, 'images\\product\\12\\0.jpg'),
        (141, 12, 'images\\product\\12\\1.jpg'),
        (142, 120, 'images\\product\\120\\0.jpg'),
        (143, 120, 'images\\product\\120\\1.jpg'),
        (144, 120, 'images\\product\\120\\2.jpg'),
        (145, 120, 'images\\product\\120\\3.jpg'),
        (146, 120, 'images\\product\\120\\4.jpg'),
        (147, 120, 'images\\product\\120\\5.jpg'),
        (148, 120, 'images\\product\\120\\6.jpg'),
        (149, 120, 'images\\product\\120\\7.jpg'),
        (150, 121, 'images\\product\\121\\0.jpg'),
        (151, 121, 'images\\product\\121\\1.jpg'),
        (152, 121, 'images\\product\\121\\2.jpg'),
        (153, 121, 'images\\product\\121\\3.jpg'),
        (154, 121, 'images\\product\\121\\4.jpg'),
        (155, 122, 'images\\product\\122\\0.jpg'),
        (156, 122, 'images\\product\\122\\1.jpg'),
        (157, 122, 'images\\product\\122\\2.jpg'),
        (158, 122, 'images\\product\\122\\3.jpg'),
        (159, 122, 'images\\product\\122\\4.jpg'),
        (160, 122, 'images\\product\\122\\5.jpg'),
        (161, 122, 'images\\product\\122\\6.jpg'),
        (162, 122, 'images\\product\\122\\7.jpg'),
        (163, 123, 'images\\product\\123\\0.jpg'),
        (164, 123, 'images\\product\\123\\1.jpg'),
        (165, 123, 'images\\product\\123\\2.jpg'),
        (166, 123, 'images\\product\\123\\3.jpg'),
        (167, 123, 'images\\product\\123\\4.jpg'),
        (168, 124, 'images\\product\\124\\0.jpg'),
        (169, 124, 'images\\product\\124\\1.jpg'),
        (170, 124, 'images\\product\\124\\2.jpg'),
        (171, 124, 'images\\product\\124\\3.jpg'),
        (172, 124, 'images\\product\\124\\4.jpg'),
        (173, 125, 'images\\product\\125\\0.jpg'),
        (174, 125, 'images\\product\\125\\1.jpg'),
        (175, 125, 'images\\product\\125\\2.jpg'),
        (176, 125, 'images\\product\\125\\3.jpg'),
        (177, 125, 'images\\product\\125\\4.jpg'),
        (178, 125, 'images\\product\\125\\5.jpg'),
        (179, 125, 'images\\product\\125\\6.jpg'),
        (180, 125, 'images\\product\\125\\7.jpg'),
        (181, 125, 'images\\product\\125\\8.jpg'),
        (182, 126, 'images\\product\\126\\0.jpg'),
        (183, 126, 'images\\product\\126\\1.jpg'),
        (184, 126, 'images\\product\\126\\2.jpg'),
        (185, 126, 'images\\product\\126\\3.jpg'),
        (186, 126, 'images\\product\\126\\4.jpg'),
        (187, 126, 'images\\product\\126\\5.jpg'),
        (188, 126, 'images\\product\\126\\6.jpg'),
        (189, 126, 'images\\product\\126\\7.jpg'),
        (190, 127, 'images\\product\\127\\0.jpg'),
        (191, 127, 'images\\product\\127\\1.jpg'),
        (192, 127, 'images\\product\\127\\2.jpg'),
        (193, 128, 'images\\product\\128\\0.jpg'),
        (194, 128, 'images\\product\\128\\1.jpg'),
        (195, 128, 'images\\product\\128\\2.jpg'),
        (196, 128, 'images\\product\\128\\3.jpg'),
        (197, 128, 'images\\product\\128\\4.jpg'),
        (198, 128, 'images\\product\\128\\5.jpg'),
        (199, 128, 'images\\product\\128\\6.jpg'),
        (200, 128, 'images\\product\\128\\7.jpg'),
        (201, 128, 'images\\product\\128\\8.jpg'),
        (202, 129, 'images\\product\\129\\0.jpg'),
        (203, 129, 'images\\product\\129\\1.jpg'),
        (204, 129, 'images\\product\\129\\2.jpg'),
        (205, 13, 'images\\product\\13\\0.jpg'),
        (206, 13, 'images\\product\\13\\1.jpg'),
        (207, 13, 'images\\product\\13\\2.jpg'),
        (208, 13, 'images\\product\\13\\3.jpg'),
        (209, 13, 'images\\product\\13\\4.jpg'),
        (210, 13, 'images\\product\\13\\5.jpg'),
        (211, 130, 'images\\product\\130\\0.jpg'),
        (212, 130, 'images\\product\\130\\1.jpg'),
        (213, 130, 'images\\product\\130\\2.jpg'),
        (214, 131, 'images\\product\\131\\0.jpg'),
        (215, 131, 'images\\product\\131\\1.jpg'),
        (216, 131, 'images\\product\\131\\2.jpg'),
        (217, 132, 'images\\product\\132\\0.jpg'),
        (218, 132, 'images\\product\\132\\1.jpg'),
        (219, 132, 'images\\product\\132\\2.jpg'),
        (220, 133, 'images\\product\\133\\0.jpg'),
        (221, 133, 'images\\product\\133\\1.jpg'),
        (222, 133, 'images\\product\\133\\2.jpg'),
        (223, 133, 'images\\product\\133\\3.jpg'),
        (224, 133, 'images\\product\\133\\4.jpg'),
        (225, 133, 'images\\product\\133\\5.jpg'),
        (226, 133, 'images\\product\\133\\6.jpg'),
        (227, 133, 'images\\product\\133\\7.jpg'),
        (228, 133, 'images\\product\\133\\8.jpg'),
        (229, 134, 'images\\product\\134\\0.jpg'),
        (230, 134, 'images\\product\\134\\1.jpg'),
        (231, 134, 'images\\product\\134\\2.jpg'),
        (232, 134, 'images\\product\\134\\3.jpg'),
        (233, 134, 'images\\product\\134\\4.jpg'),
        (234, 134, 'images\\product\\134\\5.jpg'),
        (235, 134, 'images\\product\\134\\6.jpg'),
        (236, 134, 'images\\product\\134\\7.jpg'),
        (237, 134, 'images\\product\\134\\8.jpg'),
        (238, 135, 'images\\product\\135\\0.jpg'),
        (239, 135, 'images\\product\\135\\1.jpg'),
        (240, 135, 'images\\product\\135\\2.jpg'),
        (241, 135, 'images\\product\\135\\3.jpg'),
        (242, 136, 'images\\product\\136\\0.jpg'),
        (243, 136, 'images\\product\\136\\1.jpg'),
        (244, 136, 'images\\product\\136\\2.jpg'),
        (245, 136, 'images\\product\\136\\3.jpg'),
        (246, 136, 'images\\product\\136\\4.jpg'),
        (247, 136, 'images\\product\\136\\5.jpg'),
        (248, 136, 'images\\product\\136\\6.jpg'),
        (249, 136, 'images\\product\\136\\7.jpg'),
        (250, 136, 'images\\product\\136\\8.jpg'),
        (251, 137, 'images\\product\\137\\0.jpg'),
        (252, 137, 'images\\product\\137\\1.jpg'),
        (253, 137, 'images\\product\\137\\2.jpg'),
        (254, 137, 'images\\product\\137\\3.jpg'),
        (255, 137, 'images\\product\\137\\4.jpg'),
        (256, 137, 'images\\product\\137\\5.jpg'),
        (257, 138, 'images\\product\\138\\0.jpg'),
        (258, 138, 'images\\product\\138\\1.jpg'),
        (259, 138, 'images\\product\\138\\2.jpg'),
        (260, 138, 'images\\product\\138\\3.jpg'),
        (261, 138, 'images\\product\\138\\4.jpg'),
        (262, 138, 'images\\product\\138\\5.jpg'),
        (263, 138, 'images\\product\\138\\6.jpg'),
        (264, 138, 'images\\product\\138\\7.jpg'),
        (265, 139, 'images\\product\\139\\0.jpg'),
        (266, 139, 'images\\product\\139\\1.jpg'),
        (267, 139, 'images\\product\\139\\2.jpg'),
        (268, 139, 'images\\product\\139\\3.jpg'),
        (269, 139, 'images\\product\\139\\4.jpg'),
        (270, 139, 'images\\product\\139\\5.jpg'),
        (271, 139, 'images\\product\\139\\6.jpg'),
        (272, 139, 'images\\product\\139\\7.jpg'),
        (273, 139, 'images\\product\\139\\8.jpg'),
        (274, 139, 'images\\product\\139\\9.jpg'),
        (275, 14, 'images\\product\\14\\0.jpg'),
        (276, 14, 'images\\product\\14\\1.jpg'),
        (277, 14, 'images\\product\\14\\2.jpg'),
        (278, 14, 'images\\product\\14\\3.jpg'),
        (279, 140, 'images\\product\\140\\0.jpg'),
        (280, 140, 'images\\product\\140\\1.jpg'),
        (281, 140, 'images\\product\\140\\2.jpg'),
        (282, 141, 'images\\product\\141\\0.jpg'),
        (283, 141, 'images\\product\\141\\1.jpg'),
        (284, 141, 'images\\product\\141\\2.jpg'),
        (285, 141, 'images\\product\\141\\3.jpg'),
        (286, 141, 'images\\product\\141\\4.jpg'),
        (287, 141, 'images\\product\\141\\5.jpg'),
        (288, 142, 'images\\product\\142\\0.jpg'),
        (289, 142, 'images\\product\\142\\1.jpg'),
        (290, 142, 'images\\product\\142\\2.jpg'),
        (291, 142, 'images\\product\\142\\3.jpg'),
        (292, 143, 'images\\product\\143\\0.jpg'),
        (293, 143, 'images\\product\\143\\1.jpg'),
        (294, 143, 'images\\product\\143\\2.jpg'),
        (295, 143, 'images\\product\\143\\3.jpg'),
        (296, 143, 'images\\product\\143\\4.jpg'),
        (297, 144, 'images\\product\\144\\0.jpg'),
        (298, 144, 'images\\product\\144\\1.jpg'),
        (299, 144, 'images\\product\\144\\10.jpg'),
        (300, 144, 'images\\product\\144\\2.jpg'),
        (301, 144, 'images\\product\\144\\3.jpg'),
        (302, 144, 'images\\product\\144\\4.jpg'),
        (303, 144, 'images\\product\\144\\5.jpg'),
        (304, 144, 'images\\product\\144\\6.jpg'),
        (305, 144, 'images\\product\\144\\7.jpg'),
        (306, 144, 'images\\product\\144\\8.jpg'),
        (307, 144, 'images\\product\\144\\9.jpg'),
        (308, 145, 'images\\product\\145\\0.jpg'),
        (309, 145, 'images\\product\\145\\1.jpg'),
        (310, 145, 'images\\product\\145\\2.jpg'),
        (311, 145, 'images\\product\\145\\3.jpg'),
        (312, 145, 'images\\product\\145\\4.jpg'),
        (313, 145, 'images\\product\\145\\5.jpg'),
        (314, 145, 'images\\product\\145\\6.jpg'),
        (315, 146, 'images\\product\\146\\0.jpg'),
        (316, 146, 'images\\product\\146\\1.jpg'),
        (317, 146, 'images\\product\\146\\2.jpg'),
        (318, 147, 'images\\product\\147\\0.jpg'),
        (319, 147, 'images\\product\\147\\1.jpg'),
        (320, 147, 'images\\product\\147\\2.jpg'),
        (321, 147, 'images\\product\\147\\3.jpg'),
        (322, 147, 'images\\product\\147\\4.jpg'),
        (323, 147, 'images\\product\\147\\5.jpg'),
        (324, 148, 'images\\product\\148\\0.jpg'),
        (325, 148, 'images\\product\\148\\1.jpg'),
        (326, 148, 'images\\product\\148\\2.jpg'),
        (327, 149, 'images\\product\\149\\0.jpg'),
        (328, 149, 'images\\product\\149\\1.jpg'),
        (329, 149, 'images\\product\\149\\2.jpg'),
        (330, 149, 'images\\product\\149\\3.jpg'),
        (331, 15, 'images\\product\\15\\0.jpg'),
        (332, 15, 'images\\product\\15\\1.jpg'),
        (333, 15, 'images\\product\\15\\2.jpg'),
        (334, 15, 'images\\product\\15\\3.jpg'),
        (335, 15, 'images\\product\\15\\4.jpg'),
        (336, 15, 'images\\product\\15\\5.jpg'),
        (337, 15, 'images\\product\\15\\6.jpg'),
        (338, 15, 'images\\product\\15\\7.jpg'),
        (339, 15, 'images\\product\\15\\8.jpg'),
        (340, 15, 'images\\product\\15\\9.jpg'),
        (341, 150, 'images\\product\\150\\0.jpg'),
        (342, 150, 'images\\product\\150\\1.jpg'),
        (343, 150, 'images\\product\\150\\10.jpg'),
        (344, 150, 'images\\product\\150\\11.jpg'),
        (345, 150, 'images\\product\\150\\2.jpg'),
        (346, 150, 'images\\product\\150\\3.jpg'),
        (347, 150, 'images\\product\\150\\4.jpg'),
        (348, 150, 'images\\product\\150\\5.jpg'),
        (349, 150, 'images\\product\\150\\6.jpg'),
        (350, 150, 'images\\product\\150\\7.jpg'),
        (351, 150, 'images\\product\\150\\8.jpg'),
        (352, 150, 'images\\product\\150\\9.jpg'),
        (353, 151, 'images\\product\\151\\0.jpg'),
        (354, 151, 'images\\product\\151\\1.jpg'),
        (355, 151, 'images\\product\\151\\2.jpg'),
        (356, 151, 'images\\product\\151\\3.jpg'),
        (357, 151, 'images\\product\\151\\4.jpg'),
        (358, 151, 'images\\product\\151\\5.jpg'),
        (359, 151, 'images\\product\\151\\6.jpg'),
        (360, 151, 'images\\product\\151\\7.jpg'),
        (361, 152, 'images\\product\\152\\0.jpg'),
        (362, 152, 'images\\product\\152\\1.jpg'),
        (363, 152, 'images\\product\\152\\2.jpg'),
        (364, 152, 'images\\product\\152\\3.jpg'),
        (365, 152, 'images\\product\\152\\4.jpg'),
        (366, 153, 'images\\product\\153\\0.jpg'),
        (367, 153, 'images\\product\\153\\1.jpg'),
        (368, 153, 'images\\product\\153\\2.jpg'),
        (369, 154, 'images\\product\\154\\0.jpg'),
        (370, 154, 'images\\product\\154\\1.jpg'),
        (371, 154, 'images\\product\\154\\2.jpg'),
        (372, 154, 'images\\product\\154\\3.jpg'),
        (373, 154, 'images\\product\\154\\4.jpg'),
        (374, 154, 'images\\product\\154\\5.jpg'),
        (375, 154, 'images\\product\\154\\6.jpg'),
        (376, 154, 'images\\product\\154\\7.jpg'),
        (377, 155, 'images\\product\\155\\0.jpg'),
        (378, 155, 'images\\product\\155\\1.jpg'),
        (379, 155, 'images\\product\\155\\2.jpg'),
        (380, 155, 'images\\product\\155\\3.jpg'),
        (381, 155, 'images\\product\\155\\4.jpg'),
        (382, 156, 'images\\product\\156\\0.jpg'),
        (383, 156, 'images\\product\\156\\1.jpg'),
        (384, 156, 'images\\product\\156\\2.jpg'),
        (385, 156, 'images\\product\\156\\3.jpg'),
        (386, 156, 'images\\product\\156\\4.jpg'),
        (387, 157, 'images\\product\\157\\0.jpg'),
        (388, 157, 'images\\product\\157\\1.jpg'),
        (389, 157, 'images\\product\\157\\2.jpg'),
        (390, 157, 'images\\product\\157\\3.jpg'),
        (391, 158, 'images\\product\\158\\0.jpg'),
        (392, 158, 'images\\product\\158\\1.jpg'),
        (393, 158, 'images\\product\\158\\2.jpg'),
        (394, 158, 'images\\product\\158\\3.jpg'),
        (395, 159, 'images\\product\\159\\0.jpg'),
        (396, 159, 'images\\product\\159\\1.jpg'),
        (397, 16, 'images\\product\\16\\0.jpg'),
        (398, 16, 'images\\product\\16\\1.jpg'),
        (399, 16, 'images\\product\\16\\2.jpg'),
        (400, 16, 'images\\product\\16\\3.jpg'),
        (401, 16, 'images\\product\\16\\4.jpg'),
        (402, 16, 'images\\product\\16\\5.jpg'),
        (403, 16, 'images\\product\\16\\6.jpg'),
        (404, 16, 'images\\product\\16\\7.jpg'),
        (405, 16, 'images\\product\\16\\8.jpg'),
        (406, 16, 'images\\product\\16\\9.jpg'),
        (407, 160, 'images\\product\\160\\0.jpg'),
        (408, 160, 'images\\product\\160\\1.jpg'),
        (409, 160, 'images\\product\\160\\2.jpg'),
        (410, 160, 'images\\product\\160\\3.jpg'),
        (411, 160, 'images\\product\\160\\4.jpg'),
        (412, 160, 'images\\product\\160\\5.jpg'),
        (413, 161, 'images\\product\\161\\0.jpg'),
        (414, 161, 'images\\product\\161\\1.jpg'),
        (415, 162, 'images\\product\\162\\0.jpg'),
        (416, 162, 'images\\product\\162\\1.jpg'),
        (417, 162, 'images\\product\\162\\2.jpg'),
        (418, 162, 'images\\product\\162\\3.jpg'),
        (419, 162, 'images\\product\\162\\4.jpg'),
        (420, 162, 'images\\product\\162\\5.jpg'),
        (421, 162, 'images\\product\\162\\6.jpg'),
        (422, 163, 'images\\product\\163\\0.jpg'),
        (423, 163, 'images\\product\\163\\1.jpg'),
        (424, 163, 'images\\product\\163\\2.jpg'),
        (425, 163, 'images\\product\\163\\3.jpg'),
        (426, 163, 'images\\product\\163\\4.jpg'),
        (427, 164, 'images\\product\\164\\0.jpg'),
        (428, 164, 'images\\product\\164\\1.jpg'),
        (429, 165, 'images\\product\\165\\0.jpg'),
        (430, 165, 'images\\product\\165\\1.jpg'),
        (431, 165, 'images\\product\\165\\2.jpg'),
        (432, 165, 'images\\product\\165\\3.jpg'),
        (433, 166, 'images\\product\\166\\0.jpg'),
        (434, 166, 'images\\product\\166\\1.jpg'),
        (435, 166, 'images\\product\\166\\2.jpg'),
        (436, 166, 'images\\product\\166\\3.jpg'),
        (437, 166, 'images\\product\\166\\4.jpg'),
        (438, 167, 'images\\product\\167\\0.jpg'),
        (439, 167, 'images\\product\\167\\1.jpg'),
        (440, 167, 'images\\product\\167\\2.jpg'),
        (441, 168, 'images\\product\\168\\0.jpg'),
        (442, 168, 'images\\product\\168\\1.jpg'),
        (443, 168, 'images\\product\\168\\2.jpg'),
        (444, 168, 'images\\product\\168\\3.jpg'),
        (445, 168, 'images\\product\\168\\4.jpg'),
        (446, 168, 'images\\product\\168\\5.jpg'),
        (447, 168, 'images\\product\\168\\6.jpg'),
        (448, 169, 'images\\product\\169\\0.jpg'),
        (449, 169, 'images\\product\\169\\1.jpg'),
        (450, 169, 'images\\product\\169\\2.jpg'),
        (451, 169, 'images\\product\\169\\3.jpg'),
        (452, 169, 'images\\product\\169\\4.jpg'),
        (453, 17, 'images\\product\\17\\0.jpg'),
        (454, 17, 'images\\product\\17\\1.jpg'),
        (455, 17, 'images\\product\\17\\2.jpg'),
        (456, 170, 'images\\product\\170\\0.jpg'),
        (457, 170, 'images\\product\\170\\1.jpg'),
        (458, 170, 'images\\product\\170\\2.jpg'),
        (459, 170, 'images\\product\\170\\3.jpg'),
        (460, 170, 'images\\product\\170\\4.jpg'),
        (461, 170, 'images\\product\\170\\5.jpg'),
        (462, 171, 'images\\product\\171\\0.jpg'),
        (463, 171, 'images\\product\\171\\1.jpg'),
        (464, 171, 'images\\product\\171\\2.jpg'),
        (465, 171, 'images\\product\\171\\3.jpg'),
        (466, 171, 'images\\product\\171\\4.jpg'),
        (467, 172, 'images\\product\\172\\0.jpg'),
        (468, 172, 'images\\product\\172\\1.jpg'),
        (469, 172, 'images\\product\\172\\2.jpg'),
        (470, 172, 'images\\product\\172\\3.jpg'),
        (471, 172, 'images\\product\\172\\4.jpg'),
        (472, 173, 'images\\product\\173\\0.jpg'),
        (473, 173, 'images\\product\\173\\1.jpg'),
        (474, 173, 'images\\product\\173\\10.jpg'),
        (475, 173, 'images\\product\\173\\11.jpg'),
        (476, 173, 'images\\product\\173\\2.jpg'),
        (477, 173, 'images\\product\\173\\3.jpg'),
        (478, 173, 'images\\product\\173\\4.jpg'),
        (479, 173, 'images\\product\\173\\5.jpg'),
        (480, 173, 'images\\product\\173\\6.jpg'),
        (481, 173, 'images\\product\\173\\7.jpg'),
        (482, 173, 'images\\product\\173\\8.jpg'),
        (483, 173, 'images\\product\\173\\9.jpg'),
        (484, 174, 'images\\product\\174\\0.jpg'),
        (485, 174, 'images\\product\\174\\1.jpg'),
        (486, 174, 'images\\product\\174\\2.jpg'),
        (487, 174, 'images\\product\\174\\3.jpg'),
        (488, 174, 'images\\product\\174\\4.jpg'),
        (489, 174, 'images\\product\\174\\5.jpg'),
        (490, 174, 'images\\product\\174\\6.jpg'),
        (491, 175, 'images\\product\\175\\0.jpg'),
        (492, 175, 'images\\product\\175\\1.jpg'),
        (493, 175, 'images\\product\\175\\2.jpg'),
        (494, 175, 'images\\product\\175\\3.jpg'),
        (495, 176, 'images\\product\\176\\0.jpg'),
        (496, 176, 'images\\product\\176\\1.jpg'),
        (497, 176, 'images\\product\\176\\2.jpg'),
        (498, 176, 'images\\product\\176\\3.jpg'),
        (499, 176, 'images\\product\\176\\4.jpg'),
        (500, 176, 'images\\product\\176\\5.jpg'),
        (501, 176, 'images\\product\\176\\6.jpg'),
        (502, 177, 'images\\product\\177\\0.jpg'),
        (503, 177, 'images\\product\\177\\1.jpg'),
        (504, 177, 'images\\product\\177\\2.jpg'),
        (505, 177, 'images\\product\\177\\3.jpg'),
        (506, 177, 'images\\product\\177\\4.jpg'),
        (507, 177, 'images\\product\\177\\5.jpg'),
        (508, 177, 'images\\product\\177\\6.jpg'),
        (509, 177, 'images\\product\\177\\7.jpg'),
        (510, 177, 'images\\product\\177\\8.jpg'),
        (511, 178, 'images\\product\\178\\0.jpg'),
        (512, 178, 'images\\product\\178\\1.jpg'),
        (513, 178, 'images\\product\\178\\2.jpg'),
        (514, 178, 'images\\product\\178\\3.jpg'),
        (515, 178, 'images\\product\\178\\4.jpg'),
        (516, 178, 'images\\product\\178\\5.jpg'),
        (517, 179, 'images\\product\\179\\0.jpg'),
        (518, 179, 'images\\product\\179\\1.jpg'),
        (519, 179, 'images\\product\\179\\2.jpg'),
        (520, 179, 'images\\product\\179\\3.jpg'),
        (521, 18, 'images\\product\\18\\0.jpg'),
        (522, 18, 'images\\product\\18\\1.jpg'),
        (523, 18, 'images\\product\\18\\2.jpg'),
        (524, 18, 'images\\product\\18\\3.jpg'),
        (525, 18, 'images\\product\\18\\4.jpg'),
        (526, 18, 'images\\product\\18\\5.jpg'),
        (527, 18, 'images\\product\\18\\6.jpg'),
        (528, 180, 'images\\product\\180\\0.jpg'),
        (529, 180, 'images\\product\\180\\1.jpg'),
        (530, 180, 'images\\product\\180\\2.jpg'),
        (531, 180, 'images\\product\\180\\3.jpg'),
        (532, 180, 'images\\product\\180\\4.jpg'),
        (533, 180, 'images\\product\\180\\5.jpg'),
        (534, 180, 'images\\product\\180\\6.jpg'),
        (535, 181, 'images\\product\\181\\0.jpg'),
        (536, 181, 'images\\product\\181\\1.jpg'),
        (537, 181, 'images\\product\\181\\10.jpg'),
        (538, 181, 'images\\product\\181\\2.jpg'),
        (539, 181, 'images\\product\\181\\3.jpg'),
        (540, 181, 'images\\product\\181\\4.jpg'),
        (541, 181, 'images\\product\\181\\5.jpg'),
        (542, 181, 'images\\product\\181\\6.jpg'),
        (543, 181, 'images\\product\\181\\7.jpg'),
        (544, 181, 'images\\product\\181\\8.jpg'),
        (545, 181, 'images\\product\\181\\9.jpg'),
        (546, 182, 'images\\product\\182\\0.jpg'),
        (547, 182, 'images\\product\\182\\1.jpg'),
        (548, 182, 'images\\product\\182\\2.jpg'),
        (549, 182, 'images\\product\\182\\3.jpg'),
        (550, 182, 'images\\product\\182\\4.jpg'),
        (551, 183, 'images\\product\\183\\0.jpg'),
        (552, 183, 'images\\product\\183\\1.jpg'),
        (553, 183, 'images\\product\\183\\2.jpg'),
        (554, 184, 'images\\product\\184\\0.jpg'),
        (555, 184, 'images\\product\\184\\1.jpg'),
        (556, 184, 'images\\product\\184\\2.jpg'),
        (557, 185, 'images\\product\\185\\0.jpg'),
        (558, 185, 'images\\product\\185\\1.jpg'),
        (559, 185, 'images\\product\\185\\2.jpg'),
        (560, 185, 'images\\product\\185\\3.jpg'),
        (561, 185, 'images\\product\\185\\4.jpg'),
        (562, 186, 'images\\product\\186\\0.jpg'),
        (563, 186, 'images\\product\\186\\1.jpg'),
        (564, 186, 'images\\product\\186\\2.jpg'),
        (565, 186, 'images\\product\\186\\3.jpg'),
        (566, 186, 'images\\product\\186\\4.jpg'),
        (567, 186, 'images\\product\\186\\5.jpg'),
        (568, 186, 'images\\product\\186\\6.jpg'),
        (569, 186, 'images\\product\\186\\7.jpg'),
        (570, 187, 'images\\product\\187\\0.jpg'),
        (571, 187, 'images\\product\\187\\1.jpg'),
        (572, 187, 'images\\product\\187\\2.jpg'),
        (573, 187, 'images\\product\\187\\3.jpg'),
        (574, 187, 'images\\product\\187\\4.jpg'),
        (575, 187, 'images\\product\\187\\5.jpg'),
        (576, 187, 'images\\product\\187\\6.jpg'),
        (577, 187, 'images\\product\\187\\7.jpg'),
        (578, 188, 'images\\product\\188\\0.jpg'),
        (579, 188, 'images\\product\\188\\1.jpg'),
        (580, 188, 'images\\product\\188\\2.jpg'),
        (581, 188, 'images\\product\\188\\3.jpg'),
        (582, 188, 'images\\product\\188\\4.jpg'),
        (583, 188, 'images\\product\\188\\5.jpg'),
        (584, 189, 'images\\product\\189\\0.jpg'),
        (585, 189, 'images\\product\\189\\1.jpg'),
        (586, 189, 'images\\product\\189\\2.jpg'),
        (587, 189, 'images\\product\\189\\3.jpg'),
        (588, 189, 'images\\product\\189\\4.jpg'),
        (589, 19, 'images\\product\\19\\0.jpg'),
        (590, 19, 'images\\product\\19\\1.jpg'),
        (591, 19, 'images\\product\\19\\2.jpg'),
        (592, 19, 'images\\product\\19\\3.jpg'),
        (593, 19, 'images\\product\\19\\4.jpg'),
        (594, 190, 'images\\product\\190\\0.jpg'),
        (595, 190, 'images\\product\\190\\1.jpg'),
        (596, 190, 'images\\product\\190\\2.jpg'),
        (597, 190, 'images\\product\\190\\3.jpg'),
        (598, 190, 'images\\product\\190\\4.jpg'),
        (599, 190, 'images\\product\\190\\5.jpg'),
        (600, 191, 'images\\product\\191\\0.jpg'),
        (601, 191, 'images\\product\\191\\1.jpg'),
        (602, 191, 'images\\product\\191\\2.jpg'),
        (603, 191, 'images\\product\\191\\3.jpg'),
        (604, 191, 'images\\product\\191\\4.jpg'),
        (605, 192, 'images\\product\\192\\0.jpg'),
        (606, 192, 'images\\product\\192\\1.jpg'),
        (607, 192, 'images\\product\\192\\10.jpg'),
        (608, 192, 'images\\product\\192\\11.jpg'),
        (609, 192, 'images\\product\\192\\12.jpg'),
        (610, 192, 'images\\product\\192\\13.jpg'),
        (611, 192, 'images\\product\\192\\14.jpg'),
        (612, 192, 'images\\product\\192\\15.jpg'),
        (613, 192, 'images\\product\\192\\16.jpg'),
        (614, 192, 'images\\product\\192\\17.jpg'),
        (615, 192, 'images\\product\\192\\2.jpg'),
        (616, 192, 'images\\product\\192\\3.jpg'),
        (617, 192, 'images\\product\\192\\4.jpg'),
        (618, 192, 'images\\product\\192\\5.jpg'),
        (619, 192, 'images\\product\\192\\6.jpg'),
        (620, 192, 'images\\product\\192\\7.jpg'),
        (621, 192, 'images\\product\\192\\8.jpg'),
        (622, 192, 'images\\product\\192\\9.jpg'),
        (623, 193, 'images\\product\\193\\0.jpg'),
        (624, 193, 'images\\product\\193\\1.jpg'),
        (625, 193, 'images\\product\\193\\2.jpg'),
        (626, 194, 'images\\product\\194\\0.jpg'),
        (627, 194, 'images\\product\\194\\1.jpg'),
        (628, 194, 'images\\product\\194\\2.jpg'),
        (629, 194, 'images\\product\\194\\3.jpg'),
        (630, 194, 'images\\product\\194\\4.jpg'),
        (631, 194, 'images\\product\\194\\5.jpg'),
        (632, 194, 'images\\product\\194\\6.jpg'),
        (633, 194, 'images\\product\\194\\7.jpg'),
        (634, 195, 'images\\product\\195\\0.jpg'),
        (635, 195, 'images\\product\\195\\1.jpg'),
        (636, 195, 'images\\product\\195\\10.jpg'),
        (637, 195, 'images\\product\\195\\11.jpg'),
        (638, 195, 'images\\product\\195\\2.jpg'),
        (639, 195, 'images\\product\\195\\3.jpg'),
        (640, 195, 'images\\product\\195\\4.jpg'),
        (641, 195, 'images\\product\\195\\5.jpg'),
        (642, 195, 'images\\product\\195\\6.jpg'),
        (643, 195, 'images\\product\\195\\7.jpg'),
        (644, 195, 'images\\product\\195\\8.jpg'),
        (645, 195, 'images\\product\\195\\9.jpg'),
        (646, 196, 'images\\product\\196\\0.jpg'),
        (647, 196, 'images\\product\\196\\1.jpg'),
        (648, 196, 'images\\product\\196\\2.jpg'),
        (649, 196, 'images\\product\\196\\3.jpg'),
        (650, 196, 'images\\product\\196\\4.jpg'),
        (651, 196, 'images\\product\\196\\5.jpg'),
        (652, 196, 'images\\product\\196\\6.jpg'),
        (653, 196, 'images\\product\\196\\7.jpg'),
        (654, 197, 'images\\product\\197\\0.jpg'),
        (655, 197, 'images\\product\\197\\1.jpg'),
        (656, 197, 'images\\product\\197\\2.jpg'),
        (657, 197, 'images\\product\\197\\3.jpg'),
        (658, 197, 'images\\product\\197\\4.jpg'),
        (659, 197, 'images\\product\\197\\5.jpg'),
        (660, 197, 'images\\product\\197\\6.jpg'),
        (661, 198, 'images\\product\\198\\0.jpg'),
        (662, 198, 'images\\product\\198\\1.jpg'),
        (663, 198, 'images\\product\\198\\2.jpg'),
        (664, 198, 'images\\product\\198\\3.jpg'),
        (665, 198, 'images\\product\\198\\4.jpg'),
        (666, 198, 'images\\product\\198\\5.jpg'),
        (667, 199, 'images\\product\\199\\0.jpg'),
        (668, 199, 'images\\product\\199\\1.jpg'),
        (669, 199, 'images\\product\\199\\2.jpg'),
        (670, 199, 'images\\product\\199\\3.jpg'),
        (671, 199, 'images\\product\\199\\4.jpg'),
        (672, 199, 'images\\product\\199\\5.jpg'),
        (673, 2, 'images\\product\\2\\0.jpg'),
        (674, 2, 'images\\product\\2\\1.jpg'),
        (675, 2, 'images\\product\\2\\2.jpg'),
        (676, 2, 'images\\product\\2\\3.jpg'),
        (677, 20, 'images\\product\\20\\0.jpg'),
        (678, 20, 'images\\product\\20\\1.jpg'),
        (679, 20, 'images\\product\\20\\2.jpg'),
        (680, 20, 'images\\product\\20\\3.jpg'),
        (681, 20, 'images\\product\\20\\4.jpg'),
        (682, 20, 'images\\product\\20\\5.jpg'),
        (683, 20, 'images\\product\\20\\6.jpg'),
        (684, 200, 'images\\product\\200\\0.jpg'),
        (685, 200, 'images\\product\\200\\1.jpg'),
        (686, 200, 'images\\product\\200\\2.jpg'),
        (687, 200, 'images\\product\\200\\3.jpg'),
        (688, 200, 'images\\product\\200\\4.jpg'),
        (689, 200, 'images\\product\\200\\5.jpg'),
        (690, 200, 'images\\product\\200\\6.jpg'),
        (691, 200, 'images\\product\\200\\7.jpg'),
        (692, 200, 'images\\product\\200\\8.jpg'),
        (693, 201, 'images\\product\\201\\0.jpg'),
        (694, 201, 'images\\product\\201\\1.jpg'),
        (695, 201, 'images\\product\\201\\2.jpg'),
        (696, 202, 'images\\product\\202\\0.jpg'),
        (697, 202, 'images\\product\\202\\1.jpg'),
        (698, 202, 'images\\product\\202\\2.jpg'),
        (699, 202, 'images\\product\\202\\3.jpg'),
        (700, 202, 'images\\product\\202\\4.jpg'),
        (701, 202, 'images\\product\\202\\5.jpg'),
        (702, 203, 'images\\product\\203\\0.jpg'),
        (703, 203, 'images\\product\\203\\1.jpg'),
        (704, 203, 'images\\product\\203\\2.jpg'),
        (705, 203, 'images\\product\\203\\3.jpg'),
        (706, 203, 'images\\product\\203\\4.jpg'),
        (707, 203, 'images\\product\\203\\5.jpg'),
        (708, 204, 'images\\product\\204\\0.jpg'),
        (709, 204, 'images\\product\\204\\1.jpg'),
        (710, 204, 'images\\product\\204\\2.jpg'),
        (711, 204, 'images\\product\\204\\3.jpg'),
        (712, 205, 'images\\product\\205\\0.jpg'),
        (713, 205, 'images\\product\\205\\1.jpg'),
        (714, 205, 'images\\product\\205\\2.jpg'),
        (715, 206, 'images\\product\\206\\0.jpg'),
        (716, 206, 'images\\product\\206\\1.jpg'),
        (717, 206, 'images\\product\\206\\2.jpg'),
        (718, 206, 'images\\product\\206\\3.jpg'),
        (719, 207, 'images\\product\\207\\0.jpg'),
        (720, 207, 'images\\product\\207\\1.jpg'),
        (721, 208, 'images\\product\\208\\0.jpg'),
        (722, 208, 'images\\product\\208\\1.jpg'),
        (723, 208, 'images\\product\\208\\2.jpg'),
        (724, 208, 'images\\product\\208\\3.jpg'),
        (725, 208, 'images\\product\\208\\4.jpg'),
        (726, 208, 'images\\product\\208\\5.jpg'),
        (727, 208, 'images\\product\\208\\6.jpg'),
        (728, 209, 'images\\product\\209\\0.jpg'),
        (729, 209, 'images\\product\\209\\1.jpg'),
        (730, 209, 'images\\product\\209\\2.jpg'),
        (731, 209, 'images\\product\\209\\3.jpg'),
        (732, 209, 'images\\product\\209\\4.jpg'),
        (733, 209, 'images\\product\\209\\5.jpg'),
        (734, 209, 'images\\product\\209\\6.jpg'),
        (735, 209, 'images\\product\\209\\7.jpg'),
        (736, 209, 'images\\product\\209\\8.jpg'),
        (737, 209, 'images\\product\\209\\9.jpg'),
        (738, 21, 'images\\product\\21\\0.jpg'),
        (739, 21, 'images\\product\\21\\1.jpg'),
        (740, 21, 'images\\product\\21\\2.jpg'),
        (741, 21, 'images\\product\\21\\3.jpg'),
        (742, 210, 'images\\product\\210\\0.jpg'),
        (743, 210, 'images\\product\\210\\1.jpg'),
        (744, 210, 'images\\product\\210\\2.jpg'),
        (745, 210, 'images\\product\\210\\3.jpg'),
        (746, 210, 'images\\product\\210\\4.jpg'),
        (747, 210, 'images\\product\\210\\5.jpg'),
        (748, 210, 'images\\product\\210\\6.jpg'),
        (749, 210, 'images\\product\\210\\7.jpg'),
        (750, 210, 'images\\product\\210\\8.jpg'),
        (751, 211, 'images\\product\\211\\0.jpg'),
        (752, 211, 'images\\product\\211\\1.jpg'),
        (753, 211, 'images\\product\\211\\2.jpg'),
        (754, 211, 'images\\product\\211\\3.jpg'),
        (755, 211, 'images\\product\\211\\4.jpg'),
        (756, 211, 'images\\product\\211\\5.jpg'),
        (757, 211, 'images\\product\\211\\6.jpg'),
        (758, 211, 'images\\product\\211\\7.jpg'),
        (759, 211, 'images\\product\\211\\8.jpg'),
        (760, 212, 'images\\product\\212\\0.jpg'),
        (761, 212, 'images\\product\\212\\1.jpg'),
        (762, 212, 'images\\product\\212\\10.jpg'),
        (763, 212, 'images\\product\\212\\2.jpg'),
        (764, 212, 'images\\product\\212\\3.jpg'),
        (765, 212, 'images\\product\\212\\4.jpg'),
        (766, 212, 'images\\product\\212\\5.jpg'),
        (767, 212, 'images\\product\\212\\6.jpg'),
        (768, 212, 'images\\product\\212\\7.jpg'),
        (769, 212, 'images\\product\\212\\8.jpg'),
        (770, 212, 'images\\product\\212\\9.jpg'),
        (771, 213, 'images\\product\\213\\0.jpg'),
        (772, 213, 'images\\product\\213\\1.jpg'),
        (773, 213, 'images\\product\\213\\2.jpg'),
        (774, 213, 'images\\product\\213\\3.jpg'),
        (775, 213, 'images\\product\\213\\4.jpg'),
        (776, 213, 'images\\product\\213\\5.jpg'),
        (777, 214, 'images\\product\\214\\0.jpg'),
        (778, 214, 'images\\product\\214\\1.jpg'),
        (779, 214, 'images\\product\\214\\2.jpg'),
        (780, 215, 'images\\product\\215\\0.jpg'),
        (781, 215, 'images\\product\\215\\1.jpg'),
        (782, 215, 'images\\product\\215\\10.jpg'),
        (783, 215, 'images\\product\\215\\2.jpg'),
        (784, 215, 'images\\product\\215\\3.jpg'),
        (785, 215, 'images\\product\\215\\4.jpg'),
        (786, 215, 'images\\product\\215\\5.jpg'),
        (787, 215, 'images\\product\\215\\6.jpg'),
        (788, 215, 'images\\product\\215\\7.jpg'),
        (789, 215, 'images\\product\\215\\8.jpg'),
        (790, 215, 'images\\product\\215\\9.jpg'),
        (791, 216, 'images\\product\\216\\0.jpg'),
        (792, 216, 'images\\product\\216\\1.jpg'),
        (793, 216, 'images\\product\\216\\2.jpg'),
        (794, 217, 'images\\product\\217\\0.png'),
        (795, 217, 'images\\product\\217\\1.png'),
        (796, 217, 'images\\product\\217\\2.png'),
        (797, 217, 'images\\product\\217\\3.png'),
        (798, 217, 'images\\product\\217\\4.png'),
        (799, 217, 'images\\product\\217\\5.png'),
        (800, 217, 'images\\product\\217\\6.png'),
        (801, 218, 'images\\product\\218\\0.png'),
        (802, 218, 'images\\product\\218\\1.png'),
        (803, 218, 'images\\product\\218\\2.png'),
        (804, 218, 'images\\product\\218\\3.png'),
        (805, 218, 'images\\product\\218\\4.png'),
        (806, 218, 'images\\product\\218\\5.png'),
        (807, 219, 'images\\product\\219\\0.png'),
        (808, 219, 'images\\product\\219\\1.png'),
        (809, 219, 'images\\product\\219\\2.png'),
        (810, 219, 'images\\product\\219\\3.png'),
        (811, 219, 'images\\product\\219\\4.png'),
        (812, 219, 'images\\product\\219\\5.png'),
        (813, 219, 'images\\product\\219\\6.png'),
        (814, 22, 'images\\product\\22\\0.jpg'),
        (815, 22, 'images\\product\\22\\1.jpg'),
        (816, 22, 'images\\product\\22\\2.jpg'),
        (817, 22, 'images\\product\\22\\3.jpg'),
        (818, 22, 'images\\product\\22\\4.jpg'),
        (819, 22, 'images\\product\\22\\5.jpg'),
        (820, 22, 'images\\product\\22\\6.jpg'),
        (821, 220, 'images\\product\\220\\0.png'),
        (822, 220, 'images\\product\\220\\1.png'),
        (823, 220, 'images\\product\\220\\2.png'),
        (824, 220, 'images\\product\\220\\3.png'),
        (825, 220, 'images\\product\\220\\4.png'),
        (826, 221, 'images\\product\\221\\0.png'),
        (827, 221, 'images\\product\\221\\1.png'),
        (828, 221, 'images\\product\\221\\2.png'),
        (829, 221, 'images\\product\\221\\3.png'),
        (830, 221, 'images\\product\\221\\4.png'),
        (831, 221, 'images\\product\\221\\5.png'),
        (832, 221, 'images\\product\\221\\6.png'),
        (833, 221, 'images\\product\\221\\7.png'),
        (834, 222, 'images\\product\\222\\0.png'),
        (835, 222, 'images\\product\\222\\1.png'),
        (836, 222, 'images\\product\\222\\2.png'),
        (837, 222, 'images\\product\\222\\3.png'),
        (838, 222, 'images\\product\\222\\4.png'),
        (839, 222, 'images\\product\\222\\5.png'),
        (840, 223, 'images\\product\\223\\0.png'),
        (841, 223, 'images\\product\\223\\1.png'),
        (842, 223, 'images\\product\\223\\2.png'),
        (843, 223, 'images\\product\\223\\3.png'),
        (844, 223, 'images\\product\\223\\4.png'),
        (845, 223, 'images\\product\\223\\5.png'),
        (846, 223, 'images\\product\\223\\6.png'),
        (847, 223, 'images\\product\\223\\7.png'),
        (848, 224, 'images\\product\\224\\0.png'),
        (849, 224, 'images\\product\\224\\1.png'),
        (850, 224, 'images\\product\\224\\2.png'),
        (851, 224, 'images\\product\\224\\3.png'),
        (852, 225, 'images\\product\\225\\0.png'),
        (853, 225, 'images\\product\\225\\1.png'),
        (854, 225, 'images\\product\\225\\2.png'),
        (855, 225, 'images\\product\\225\\3.png'),
        (856, 225, 'images\\product\\225\\4.png'),
        (857, 225, 'images\\product\\225\\5.png'),
        (858, 226, 'images\\product\\226\\0.png'),
        (859, 226, 'images\\product\\226\\1.png'),
        (860, 226, 'images\\product\\226\\2.png'),
        (861, 227, 'images\\product\\227\\0.png'),
        (862, 227, 'images\\product\\227\\1.png'),
        (863, 227, 'images\\product\\227\\2.png'),
        (864, 227, 'images\\product\\227\\3.png'),
        (865, 227, 'images\\product\\227\\4.png'),
        (866, 227, 'images\\product\\227\\5.png'),
        (867, 227, 'images\\product\\227\\6.png'),
        (868, 227, 'images\\product\\227\\7.png'),
        (869, 228, 'images\\product\\228\\0.png'),
        (870, 228, 'images\\product\\228\\1.png'),
        (871, 228, 'images\\product\\228\\10.png'),
        (872, 228, 'images\\product\\228\\11.png'),
        (873, 228, 'images\\product\\228\\12.png'),
        (874, 228, 'images\\product\\228\\2.png'),
        (875, 228, 'images\\product\\228\\3.png'),
        (876, 228, 'images\\product\\228\\4.png'),
        (877, 228, 'images\\product\\228\\5.png'),
        (878, 228, 'images\\product\\228\\6.png'),
        (879, 228, 'images\\product\\228\\7.png'),
        (880, 228, 'images\\product\\228\\8.png'),
        (881, 228, 'images\\product\\228\\9.png'),
        (882, 229, 'images\\product\\229\\0.png'),
        (883, 229, 'images\\product\\229\\1.png'),
        (884, 229, 'images\\product\\229\\10.png'),
        (885, 229, 'images\\product\\229\\2.png'),
        (886, 229, 'images\\product\\229\\3.png'),
        (887, 229, 'images\\product\\229\\4.png'),
        (888, 229, 'images\\product\\229\\5.png'),
        (889, 229, 'images\\product\\229\\6.png'),
        (890, 229, 'images\\product\\229\\7.png'),
        (891, 229, 'images\\product\\229\\8.png'),
        (892, 229, 'images\\product\\229\\9.png'),
        (893, 23, 'images\\product\\23\\0.jpg'),
        (894, 23, 'images\\product\\23\\1.jpg'),
        (895, 23, 'images\\product\\23\\2.jpg'),
        (896, 23, 'images\\product\\23\\3.jpg'),
        (897, 23, 'images\\product\\23\\4.jpg'),
        (898, 230, 'images\\product\\230\\0.png'),
        (899, 230, 'images\\product\\230\\1.png'),
        (900, 230, 'images\\product\\230\\2.png'),
        (901, 230, 'images\\product\\230\\3.png'),
        (902, 230, 'images\\product\\230\\4.png'),
        (903, 230, 'images\\product\\230\\5.png'),
        (904, 231, 'images\\product\\231\\0.png'),
        (905, 231, 'images\\product\\231\\1.png'),
        (906, 231, 'images\\product\\231\\2.png'),
        (907, 231, 'images\\product\\231\\3.png'),
        (908, 232, 'images\\product\\232\\0.png'),
        (909, 232, 'images\\product\\232\\1.png'),
        (910, 232, 'images\\product\\232\\2.png'),
        (911, 232, 'images\\product\\232\\3.png'),
        (912, 232, 'images\\product\\232\\4.png'),
        (913, 232, 'images\\product\\232\\5.png'),
        (914, 232, 'images\\product\\232\\6.png'),
        (915, 233, 'images\\product\\233\\0.png'),
        (916, 233, 'images\\product\\233\\1.png'),
        (917, 233, 'images\\product\\233\\2.png'),
        (918, 234, 'images\\product\\234\\0.png'),
        (919, 234, 'images\\product\\234\\1.png'),
        (920, 234, 'images\\product\\234\\2.png'),
        (921, 234, 'images\\product\\234\\3.png'),
        (922, 234, 'images\\product\\234\\4.png'),
        (923, 235, 'images\\product\\235\\0.png'),
        (924, 235, 'images\\product\\235\\1.png'),
        (925, 235, 'images\\product\\235\\2.png'),
        (926, 235, 'images\\product\\235\\3.png'),
        (927, 236, 'images\\product\\236\\0.png'),
        (928, 236, 'images\\product\\236\\1.png'),
        (929, 237, 'images\\product\\237\\0.png'),
        (930, 237, 'images\\product\\237\\1.png'),
        (931, 238, 'images\\product\\238\\0.png'),
        (932, 238, 'images\\product\\238\\1.png'),
        (933, 239, 'images\\product\\239\\0.png'),
        (934, 239, 'images\\product\\239\\1.png'),
        (935, 24, 'images\\product\\24\\0.jpg'),
        (936, 24, 'images\\product\\24\\1.jpg'),
        (937, 24, 'images\\product\\24\\2.jpg'),
        (938, 24, 'images\\product\\24\\3.jpg'),
        (939, 24, 'images\\product\\24\\4.jpg'),
        (940, 240, 'images\\product\\240\\0.png'),
        (941, 240, 'images\\product\\240\\1.png'),
        (942, 241, 'images\\product\\241\\0.png'),
        (943, 241, 'images\\product\\241\\1.png'),
        (944, 241, 'images\\product\\241\\2.png'),
        (945, 241, 'images\\product\\241\\3.png'),
        (946, 242, 'images\\product\\242\\0.png'),
        (947, 242, 'images\\product\\242\\1.png'),
        (948, 242, 'images\\product\\242\\2.png'),
        (949, 243, 'images\\product\\243\\0.png'),
        (950, 243, 'images\\product\\243\\1.png'),
        (951, 243, 'images\\product\\243\\2.png'),
        (952, 244, 'images\\product\\244\\0.png'),
        (953, 244, 'images\\product\\244\\1.png'),
        (954, 245, 'images\\product\\245\\0.png'),
        (955, 245, 'images\\product\\245\\1.png'),
        (956, 245, 'images\\product\\245\\2.png'),
        (957, 245, 'images\\product\\245\\3.png'),
        (958, 246, 'images\\product\\246\\0.png'),
        (959, 246, 'images\\product\\246\\1.png'),
        (960, 246, 'images\\product\\246\\2.png'),
        (961, 246, 'images\\product\\246\\3.png'),
        (962, 246, 'images\\product\\246\\4.png'),
        (963, 246, 'images\\product\\246\\5.png'),
        (964, 247, 'images\\product\\247\\0.png'),
        (965, 247, 'images\\product\\247\\1.png'),
        (966, 248, 'images\\product\\248\\0.png'),
        (967, 248, 'images\\product\\248\\1.png'),
        (968, 248, 'images\\product\\248\\2.png'),
        (969, 248, 'images\\product\\248\\3.png'),
        (970, 249, 'images\\product\\249\\0.png'),
        (971, 249, 'images\\product\\249\\1.png'),
        (972, 25, 'images\\product\\25\\0.jpg'),
        (973, 25, 'images\\product\\25\\1.jpg'),
        (974, 25, 'images\\product\\25\\2.jpg'),
        (975, 25, 'images\\product\\25\\3.jpg'),
        (976, 250, 'images\\product\\250\\0.png'),
        (977, 250, 'images\\product\\250\\1.png'),
        (978, 250, 'images\\product\\250\\2.png'),
        (979, 251, 'images\\product\\251\\0.png'),
        (980, 251, 'images\\product\\251\\1.png'),
        (981, 251, 'images\\product\\251\\2.png'),
        (982, 251, 'images\\product\\251\\3.png'),
        (983, 251, 'images\\product\\251\\4.png'),
        (984, 251, 'images\\product\\251\\5.png'),
        (985, 251, 'images\\product\\251\\6.png'),
        (986, 252, 'images\\product\\252\\0.png'),
        (987, 252, 'images\\product\\252\\1.png'),
        (988, 252, 'images\\product\\252\\2.png'),
        (989, 253, 'images\\product\\253\\0.png'),
        (990, 253, 'images\\product\\253\\1.png'),
        (991, 253, 'images\\product\\253\\2.png'),
        (992, 253, 'images\\product\\253\\3.png'),
        (993, 253, 'images\\product\\253\\4.png'),
        (994, 253, 'images\\product\\253\\5.png'),
        (995, 254, 'images\\product\\254\\0.png'),
        (996, 254, 'images\\product\\254\\1.png'),
        (997, 254, 'images\\product\\254\\2.png'),
        (998, 254, 'images\\product\\254\\3.png'),
        (999, 254, 'images\\product\\254\\4.png'),
        (1000, 254, 'images\\product\\254\\5.png'),
        (1001, 254, 'images\\product\\254\\6.png'),
        (1002, 254, 'images\\product\\254\\7.png'),
        (1003, 255, 'images\\product\\255\\0.png'),
        (1004, 255, 'images\\product\\255\\1.png'),
        (1005, 255, 'images\\product\\255\\2.png'),
        (1006, 255, 'images\\product\\255\\3.png'),
        (1007, 255, 'images\\product\\255\\4.png'),
        (1008, 256, 'images\\product\\256\\0.png'),
        (1009, 256, 'images\\product\\256\\1.png'),
        (1010, 256, 'images\\product\\256\\2.png'),
        (1011, 256, 'images\\product\\256\\3.png'),
        (1012, 256, 'images\\product\\256\\4.png'),
        (1013, 256, 'images\\product\\256\\5.png'),
        (1014, 256, 'images\\product\\256\\6.png'),
        (1015, 256, 'images\\product\\256\\7.png'),
        (1016, 256, 'images\\product\\256\\8.png'),
        (1017, 257, 'images\\product\\257\\0.png'),
        (1018, 257, 'images\\product\\257\\1.png'),
        (1019, 257, 'images\\product\\257\\2.png'),
        (1020, 257, 'images\\product\\257\\3.png'),
        (1021, 257, 'images\\product\\257\\4.png'),
        (1022, 257, 'images\\product\\257\\5.png'),
        (1023, 258, 'images\\product\\258\\0.png'),
        (1024, 258, 'images\\product\\258\\1.png'),
        (1025, 258, 'images\\product\\258\\2.png'),
        (1026, 258, 'images\\product\\258\\3.png'),
        (1027, 259, 'images\\product\\259\\0.png'),
        (1028, 259, 'images\\product\\259\\1.png'),
        (1029, 259, 'images\\product\\259\\2.png'),
        (1030, 26, 'images\\product\\26\\0.jpg'),
        (1031, 26, 'images\\product\\26\\1.jpg'),
        (1032, 260, 'images\\product\\260\\0.png'),
        (1033, 260, 'images\\product\\260\\1.png'),
        (1034, 260, 'images\\product\\260\\2.png'),
        (1035, 260, 'images\\product\\260\\3.png'),
        (1036, 260, 'images\\product\\260\\4.png'),
        (1037, 260, 'images\\product\\260\\5.png'),
        (1038, 260, 'images\\product\\260\\6.png'),
        (1039, 261, 'images\\product\\261\\0.png'),
        (1040, 261, 'images\\product\\261\\1.png'),
        (1041, 261, 'images\\product\\261\\10.png'),
        (1042, 261, 'images\\product\\261\\11.png'),
        (1043, 261, 'images\\product\\261\\12.png'),
        (1044, 261, 'images\\product\\261\\2.png'),
        (1045, 261, 'images\\product\\261\\3.png'),
        (1046, 261, 'images\\product\\261\\4.png'),
        (1047, 261, 'images\\product\\261\\5.png'),
        (1048, 261, 'images\\product\\261\\6.png'),
        (1049, 261, 'images\\product\\261\\7.png'),
        (1050, 261, 'images\\product\\261\\8.png'),
        (1051, 261, 'images\\product\\261\\9.png'),
        (1052, 262, 'images\\product\\262\\0.png'),
        (1053, 262, 'images\\product\\262\\1.png'),
        (1054, 262, 'images\\product\\262\\2.png'),
        (1055, 262, 'images\\product\\262\\3.png'),
        (1056, 262, 'images\\product\\262\\4.png'),
        (1057, 263, 'images\\product\\263\\0.png'),
        (1058, 263, 'images\\product\\263\\1.png'),
        (1059, 264, 'images\\product\\264\\0.jpg'),
        (1060, 264, 'images\\product\\264\\1.jpg'),
        (1061, 264, 'images\\product\\264\\2.jpg'),
        (1062, 264, 'images\\product\\264\\3.jpg'),
        (1063, 264, 'images\\product\\264\\4.jpg'),
        (1064, 265, 'images\\product\\265\\0.jpg'),
        (1065, 265, 'images\\product\\265\\1.jpg'),
        (1066, 265, 'images\\product\\265\\2.jpg'),
        (1067, 265, 'images\\product\\265\\3.jpg'),
        (1068, 266, 'images\\product\\266\\0.png'),
        (1069, 266, 'images\\product\\266\\1.png'),
        (1070, 266, 'images\\product\\266\\2.png'),
        (1071, 267, 'images\\product\\267\\0.png'),
        (1072, 267, 'images\\product\\267\\1.png'),
        (1073, 267, 'images\\product\\267\\2.png'),
        (1074, 268, 'images\\product\\268\\0.png'),
        (1075, 268, 'images\\product\\268\\1.png'),
        (1076, 268, 'images\\product\\268\\2.png'),
        (1077, 268, 'images\\product\\268\\3.png'),
        (1078, 269, 'images\\product\\269\\0.jpg'),
        (1079, 269, 'images\\product\\269\\1.jpg'),
        (1080, 269, 'images\\product\\269\\2.jpg'),
        (1081, 269, 'images\\product\\269\\3.jpg'),
        (1082, 27, 'images\\product\\27\\0.jpg'),
        (1083, 27, 'images\\product\\27\\1.jpg'),
        (1084, 27, 'images\\product\\27\\2.jpg'),
        (1085, 27, 'images\\product\\27\\3.jpg'),
        (1086, 27, 'images\\product\\27\\4.jpg'),
        (1087, 27, 'images\\product\\27\\5.jpg'),
        (1088, 27, 'images\\product\\27\\6.jpg'),
        (1089, 27, 'images\\product\\27\\7.jpg'),
        (1090, 27, 'images\\product\\27\\8.jpg'),
        (1091, 27, 'images\\product\\27\\9.jpg'),
        (1092, 270, 'images\\product\\270\\0.jpg'),
        (1093, 270, 'images\\product\\270\\1.jpg'),
        (1094, 270, 'images\\product\\270\\2.jpg'),
        (1095, 270, 'images\\product\\270\\3.jpg'),
        (1096, 270, 'images\\product\\270\\4.jpg'),
        (1097, 270, 'images\\product\\270\\5.jpg'),
        (1098, 270, 'images\\product\\270\\6.jpg'),
        (1099, 271, 'images\\product\\271\\0.jpg'),
        (1100, 271, 'images\\product\\271\\1.jpg'),
        (1101, 271, 'images\\product\\271\\2.jpg'),
        (1102, 271, 'images\\product\\271\\3.jpg'),
        (1103, 271, 'images\\product\\271\\4.jpg'),
        (1104, 271, 'images\\product\\271\\5.jpg'),
        (1105, 271, 'images\\product\\271\\6.jpg'),
        (1106, 272, 'images\\product\\272\\0.png'),
        (1107, 272, 'images\\product\\272\\1.png'),
        (1108, 272, 'images\\product\\272\\2.png'),
        (1109, 272, 'images\\product\\272\\3.png'),
        (1110, 272, 'images\\product\\272\\4.png'),
        (1111, 272, 'images\\product\\272\\5.png'),
        (1112, 272, 'images\\product\\272\\6.png'),
        (1113, 272, 'images\\product\\272\\7.png'),
        (1114, 273, 'images\\product\\273\\0.jpg'),
        (1115, 273, 'images\\product\\273\\1.jpg'),
        (1116, 273, 'images\\product\\273\\2.jpg'),
        (1117, 273, 'images\\product\\273\\3.png'),
        (1118, 273, 'images\\product\\273\\4.jpg'),
        (1119, 273, 'images\\product\\273\\5.jpg'),
        (1120, 273, 'images\\product\\273\\6.jpg'),
        (1121, 274, 'images\\product\\274\\0.jpg'),
        (1122, 274, 'images\\product\\274\\1.jpg'),
        (1123, 274, 'images\\product\\274\\2.jpg'),
        (1124, 274, 'images\\product\\274\\3.png'),
        (1125, 274, 'images\\product\\274\\4.jpg'),
        (1126, 274, 'images\\product\\274\\5.jpg'),
        (1127, 274, 'images\\product\\274\\6.png'),
        (1128, 275, 'images\\product\\275\\0.jpg'),
        (1129, 275, 'images\\product\\275\\1.jpg'),
        (1130, 275, 'images\\product\\275\\2.jpg'),
        (1131, 275, 'images\\product\\275\\3.jpg'),
        (1132, 275, 'images\\product\\275\\4.jpg'),
        (1133, 275, 'images\\product\\275\\5.jpg'),
        (1134, 275, 'images\\product\\275\\6.jpg'),
        (1135, 276, 'images\\product\\276\\0.png'),
        (1136, 276, 'images\\product\\276\\1.png'),
        (1137, 276, 'images\\product\\276\\2.png'),
        (1138, 276, 'images\\product\\276\\3.png'),
        (1139, 276, 'images\\product\\276\\4.png'),
        (1140, 276, 'images\\product\\276\\5.png'),
        (1141, 276, 'images\\product\\276\\6.png'),
        (1142, 277, 'images\\product\\277\\0.png'),
        (1143, 277, 'images\\product\\277\\1.png'),
        (1144, 277, 'images\\product\\277\\10.png'),
        (1145, 277, 'images\\product\\277\\11.png'),
        (1146, 277, 'images\\product\\277\\12.png'),
        (1147, 277, 'images\\product\\277\\13.png'),
        (1148, 277, 'images\\product\\277\\14.png'),
        (1149, 277, 'images\\product\\277\\15.png'),
        (1150, 277, 'images\\product\\277\\16.png'),
        (1151, 277, 'images\\product\\277\\17.png'),
        (1152, 277, 'images\\product\\277\\18.png'),
        (1153, 277, 'images\\product\\277\\19.png'),
        (1154, 277, 'images\\product\\277\\2.png'),
        (1155, 277, 'images\\product\\277\\20.png'),
        (1156, 277, 'images\\product\\277\\21.png'),
        (1157, 277, 'images\\product\\277\\22.png'),
        (1158, 277, 'images\\product\\277\\23.png'),
        (1159, 277, 'images\\product\\277\\3.png'),
        (1160, 277, 'images\\product\\277\\4.png'),
        (1161, 277, 'images\\product\\277\\5.png'),
        (1162, 277, 'images\\product\\277\\6.png'),
        (1163, 277, 'images\\product\\277\\7.png'),
        (1164, 277, 'images\\product\\277\\8.png'),
        (1165, 277, 'images\\product\\277\\9.png'),
        (1166, 278, 'images\\product\\278\\0.png'),
        (1167, 278, 'images\\product\\278\\1.png'),
        (1168, 278, 'images\\product\\278\\10.png'),
        (1169, 278, 'images\\product\\278\\11.png'),
        (1170, 278, 'images\\product\\278\\12.png'),
        (1171, 278, 'images\\product\\278\\13.png'),
        (1172, 278, 'images\\product\\278\\14.png'),
        (1173, 278, 'images\\product\\278\\15.png'),
        (1174, 278, 'images\\product\\278\\16.png'),
        (1175, 278, 'images\\product\\278\\17.png'),
        (1176, 278, 'images\\product\\278\\18.png'),
        (1177, 278, 'images\\product\\278\\19.png'),
        (1178, 278, 'images\\product\\278\\2.png'),
        (1179, 278, 'images\\product\\278\\20.png'),
        (1180, 278, 'images\\product\\278\\21.png'),
        (1181, 278, 'images\\product\\278\\22.png'),
        (1182, 278, 'images\\product\\278\\23.png'),
        (1183, 278, 'images\\product\\278\\3.png'),
        (1184, 278, 'images\\product\\278\\4.png'),
        (1185, 278, 'images\\product\\278\\5.png'),
        (1186, 278, 'images\\product\\278\\6.png'),
        (1187, 278, 'images\\product\\278\\7.png'),
        (1188, 278, 'images\\product\\278\\8.png'),
        (1189, 278, 'images\\product\\278\\9.png'),
        (1190, 279, 'images\\product\\279\\0.png'),
        (1191, 279, 'images\\product\\279\\1.png'),
        (1192, 279, 'images\\product\\279\\10.png'),
        (1193, 279, 'images\\product\\279\\11.png'),
        (1194, 279, 'images\\product\\279\\12.png'),
        (1195, 279, 'images\\product\\279\\13.png'),
        (1196, 279, 'images\\product\\279\\14.png'),
        (1197, 279, 'images\\product\\279\\15.png'),
        (1198, 279, 'images\\product\\279\\16.png'),
        (1199, 279, 'images\\product\\279\\17.png'),
        (1200, 279, 'images\\product\\279\\18.png'),
        (1201, 279, 'images\\product\\279\\19.png'),
        (1202, 279, 'images\\product\\279\\2.png'),
        (1203, 279, 'images\\product\\279\\20.png'),
        (1204, 279, 'images\\product\\279\\21.png'),
        (1205, 279, 'images\\product\\279\\22.png'),
        (1206, 279, 'images\\product\\279\\23.png'),
        (1207, 279, 'images\\product\\279\\3.png'),
        (1208, 279, 'images\\product\\279\\4.png'),
        (1209, 279, 'images\\product\\279\\5.png'),
        (1210, 279, 'images\\product\\279\\6.png'),
        (1211, 279, 'images\\product\\279\\7.png'),
        (1212, 279, 'images\\product\\279\\8.png'),
        (1213, 279, 'images\\product\\279\\9.png'),
        (1214, 28, 'images\\product\\28\\0.jpg'),
        (1215, 28, 'images\\product\\28\\1.jpg'),
        (1216, 28, 'images\\product\\28\\10.jpg'),
        (1217, 28, 'images\\product\\28\\11.jpg'),
        (1218, 28, 'images\\product\\28\\2.jpg'),
        (1219, 28, 'images\\product\\28\\3.jpg'),
        (1220, 28, 'images\\product\\28\\4.jpg'),
        (1221, 28, 'images\\product\\28\\5.jpg'),
        (1222, 28, 'images\\product\\28\\6.jpg'),
        (1223, 28, 'images\\product\\28\\7.jpg'),
        (1224, 28, 'images\\product\\28\\8.jpg'),
        (1225, 28, 'images\\product\\28\\9.jpg'),
        (1226, 280, 'images\\product\\280\\0.png'),
        (1227, 280, 'images\\product\\280\\1.png'),
        (1228, 280, 'images\\product\\280\\2.png'),
        (1229, 281, 'images\\product\\281\\0.jpg'),
        (1230, 281, 'images\\product\\281\\1.jpg'),
        (1231, 281, 'images\\product\\281\\2.jpg'),
        (1232, 281, 'images\\product\\281\\3.jpg'),
        (1233, 281, 'images\\product\\281\\4.jpg'),
        (1234, 281, 'images\\product\\281\\5.jpg'),
        (1235, 282, 'images\\product\\282\\0.jpg'),
        (1236, 282, 'images\\product\\282\\1.jpg'),
        (1237, 282, 'images\\product\\282\\2.jpg'),
        (1238, 282, 'images\\product\\282\\3.jpg'),
        (1239, 282, 'images\\product\\282\\4.jpg'),
        (1240, 282, 'images\\product\\282\\5.jpg'),
        (1241, 282, 'images\\product\\282\\6.jpg'),
        (1242, 283, 'images\\product\\283\\0.jpg'),
        (1243, 283, 'images\\product\\283\\1.jpg'),
        (1244, 283, 'images\\product\\283\\2.jpg'),
        (1245, 283, 'images\\product\\283\\3.jpg'),
        (1246, 283, 'images\\product\\283\\4.jpg'),
        (1247, 283, 'images\\product\\283\\5.jpg'),
        (1248, 284, 'images\\product\\284\\0.png'),
        (1249, 284, 'images\\product\\284\\1.jpg'),
        (1250, 284, 'images\\product\\284\\2.jpg'),
        (1251, 284, 'images\\product\\284\\3.jpg'),
        (1252, 284, 'images\\product\\284\\4.jpg'),
        (1253, 285, 'images\\product\\285\\0.jpg'),
        (1254, 285, 'images\\product\\285\\1.jpg'),
        (1255, 285, 'images\\product\\285\\2.jpg'),
        (1256, 285, 'images\\product\\285\\3.jpg'),
        (1257, 286, 'images\\product\\286\\0.jpg'),
        (1258, 286, 'images\\product\\286\\1.png'),
        (1259, 286, 'images\\product\\286\\2.png'),
        (1260, 286, 'images\\product\\286\\3.jpg'),
        (1261, 286, 'images\\product\\286\\4.jpg'),
        (1262, 286, 'images\\product\\286\\5.jpg'),
        (1263, 286, 'images\\product\\286\\6.jpg'),
        (1264, 287, 'images\\product\\287\\0.jpg'),
        (1265, 287, 'images\\product\\287\\1.jpg'),
        (1266, 287, 'images\\product\\287\\2.jpg'),
        (1267, 287, 'images\\product\\287\\3.png'),
        (1268, 287, 'images\\product\\287\\4.png'),
        (1269, 287, 'images\\product\\287\\5.png'),
        (1270, 287, 'images\\product\\287\\6.png'),
        (1271, 287, 'images\\product\\287\\7.png'),
        (1272, 287, 'images\\product\\287\\8.jpg'),
        (1273, 287, 'images\\product\\287\\9.jpg'),
        (1274, 288, 'images\\product\\288\\0.jpg'),
        (1275, 288, 'images\\product\\288\\1.jpg'),
        (1276, 288, 'images\\product\\288\\2.png'),
        (1277, 288, 'images\\product\\288\\3.jpg'),
        (1278, 288, 'images\\product\\288\\4.jpg'),
        (1279, 288, 'images\\product\\288\\5.jpg'),
        (1280, 289, 'images\\product\\289\\0.jpg'),
        (1281, 289, 'images\\product\\289\\1.jpg'),
        (1282, 289, 'images\\product\\289\\2.jpg'),
        (1283, 289, 'images\\product\\289\\3.jpg'),
        (1284, 289, 'images\\product\\289\\4.jpg'),
        (1285, 29, 'images\\product\\29\\0.jpg'),
        (1286, 29, 'images\\product\\29\\1.jpg'),
        (1287, 29, 'images\\product\\29\\2.jpg'),
        (1288, 29, 'images\\product\\29\\3.jpg'),
        (1289, 29, 'images\\product\\29\\4.jpg'),
        (1290, 290, 'images\\product\\290\\0.jpg'),
        (1291, 290, 'images\\product\\290\\1.jpg'),
        (1292, 290, 'images\\product\\290\\2.jpg'),
        (1293, 290, 'images\\product\\290\\3.jpg'),
        (1294, 290, 'images\\product\\290\\4.jpg'),
        (1295, 290, 'images\\product\\290\\5.jpg'),
        (1296, 291, 'images\\product\\291\\0.png'),
        (1297, 291, 'images\\product\\291\\1.png'),
        (1298, 291, 'images\\product\\291\\2.png'),
        (1299, 291, 'images\\product\\291\\3.png'),
        (1300, 291, 'images\\product\\291\\4.png'),
        (1301, 291, 'images\\product\\291\\5.png'),
        (1302, 292, 'images\\product\\292\\0.png'),
        (1303, 292, 'images\\product\\292\\1.png'),
        (1304, 292, 'images\\product\\292\\2.png'),
        (1305, 292, 'images\\product\\292\\3.png'),
        (1306, 292, 'images\\product\\292\\4.png'),
        (1307, 293, 'images\\product\\293\\0.jpg'),
        (1308, 293, 'images\\product\\293\\1.jpg'),
        (1309, 293, 'images\\product\\293\\10.jpg'),
        (1310, 293, 'images\\product\\293\\2.jpg'),
        (1311, 293, 'images\\product\\293\\3.jpg'),
        (1312, 293, 'images\\product\\293\\4.jpg'),
        (1313, 293, 'images\\product\\293\\5.jpg'),
        (1314, 293, 'images\\product\\293\\6.jpg'),
        (1315, 293, 'images\\product\\293\\7.jpg'),
        (1316, 293, 'images\\product\\293\\8.jpg'),
        (1317, 293, 'images\\product\\293\\9.jpg'),
        (1318, 294, 'images\\product\\294\\0.jpg'),
        (1319, 294, 'images\\product\\294\\1.jpg'),
        (1320, 294, 'images\\product\\294\\10.jpg'),
        (1321, 294, 'images\\product\\294\\11.jpg'),
        (1322, 294, 'images\\product\\294\\2.jpg'),
        (1323, 294, 'images\\product\\294\\3.jpg'),
        (1324, 294, 'images\\product\\294\\4.jpg'),
        (1325, 294, 'images\\product\\294\\5.jpg'),
        (1326, 294, 'images\\product\\294\\6.jpg'),
        (1327, 294, 'images\\product\\294\\7.jpg'),
        (1328, 294, 'images\\product\\294\\8.jpg'),
        (1329, 294, 'images\\product\\294\\9.jpg'),
        (1330, 295, 'images\\product\\295\\0.jpg'),
        (1331, 295, 'images\\product\\295\\1.jpg'),
        (1332, 295, 'images\\product\\295\\10.jpg'),
        (1333, 295, 'images\\product\\295\\11.jpg'),
        (1334, 295, 'images\\product\\295\\2.jpg'),
        (1335, 295, 'images\\product\\295\\3.jpg'),
        (1336, 295, 'images\\product\\295\\4.jpg'),
        (1337, 295, 'images\\product\\295\\5.jpg'),
        (1338, 295, 'images\\product\\295\\6.jpg'),
        (1339, 295, 'images\\product\\295\\7.jpg'),
        (1340, 295, 'images\\product\\295\\8.jpg'),
        (1341, 295, 'images\\product\\295\\9.jpg'),
        (1342, 296, 'images\\product\\296\\0.png'),
        (1343, 296, 'images\\product\\296\\1.png'),
        (1344, 296, 'images\\product\\296\\2.png'),
        (1345, 297, 'images\\product\\297\\0.png'),
        (1346, 297, 'images\\product\\297\\1.png'),
        (1347, 298, 'images\\product\\298\\0.png'),
        (1348, 298, 'images\\product\\298\\1.png'),
        (1349, 299, 'images\\product\\299\\0.png'),
        (1350, 299, 'images\\product\\299\\1.png'),
        (1351, 3, 'images\\product\\3\\0.jpg'),
        (1352, 3, 'images\\product\\3\\1.jpg'),
        (1353, 3, 'images\\product\\3\\2.jpg'),
        (1354, 30, 'images\\product\\30\\0.jpg'),
        (1355, 30, 'images\\product\\30\\1.jpg'),
        (1356, 30, 'images\\product\\30\\2.jpg'),
        (1357, 30, 'images\\product\\30\\3.jpg'),
        (1358, 30, 'images\\product\\30\\4.jpg'),
        (1359, 30, 'images\\product\\30\\5.jpg'),
        (1360, 300, 'images\\product\\300\\0.png'),
        (1361, 300, 'images\\product\\300\\1.png'),
        (1362, 301, 'images\\product\\301\\0.png'),
        (1363, 301, 'images\\product\\301\\1.png'),
        (1364, 302, 'images\\product\\302\\0.png'),
        (1365, 302, 'images\\product\\302\\1.png'),
        (1366, 303, 'images\\product\\303\\0.png'),
        (1367, 303, 'images\\product\\303\\1.png'),
        (1368, 304, 'images\\product\\304\\0.png'),
        (1369, 304, 'images\\product\\304\\1.png'),
        (1370, 305, 'images\\product\\305\\0.png'),
        (1371, 305, 'images\\product\\305\\1.png'),
        (1372, 305, 'images\\product\\305\\2.png'),
        (1373, 305, 'images\\product\\305\\3.png'),
        (1374, 306, 'images\\product\\306\\0.png'),
        (1375, 306, 'images\\product\\306\\1.png'),
        (1376, 306, 'images\\product\\306\\2.png'),
        (1377, 306, 'images\\product\\306\\3.png'),
        (1378, 307, 'images\\product\\307\\0.png'),
        (1379, 307, 'images\\product\\307\\1.png'),
        (1380, 307, 'images\\product\\307\\2.png'),
        (1381, 308, 'images\\product\\308\\0.png'),
        (1382, 308, 'images\\product\\308\\1.png'),
        (1383, 308, 'images\\product\\308\\2.png'),
        (1384, 308, 'images\\product\\308\\3.png'),
        (1385, 309, 'images\\product\\309\\0.png'),
        (1386, 309, 'images\\product\\309\\1.png'),
        (1387, 309, 'images\\product\\309\\2.png'),
        (1388, 309, 'images\\product\\309\\3.png'),
        (1389, 31, 'images\\product\\31\\0.jpg'),
        (1390, 31, 'images\\product\\31\\1.jpg'),
        (1391, 31, 'images\\product\\31\\2.jpg'),
        (1392, 31, 'images\\product\\31\\3.jpg'),
        (1393, 310, 'images\\product\\310\\0.png'),
        (1394, 310, 'images\\product\\310\\1.png'),
        (1395, 310, 'images\\product\\310\\2.png'),
        (1396, 310, 'images\\product\\310\\3.png'),
        (1397, 311, 'images\\product\\311\\0.png'),
        (1398, 311, 'images\\product\\311\\1.png'),
        (1399, 311, 'images\\product\\311\\2.png'),
        (1400, 311, 'images\\product\\311\\3.png'),
        (1401, 312, 'images\\product\\312\\0.png'),
        (1402, 312, 'images\\product\\312\\1.png'),
        (1403, 312, 'images\\product\\312\\2.png'),
        (1404, 312, 'images\\product\\312\\3.png'),
        (1405, 313, 'images\\product\\313\\0.png'),
        (1406, 313, 'images\\product\\313\\1.png'),
        (1407, 314, 'images\\product\\314\\0.png'),
        (1408, 314, 'images\\product\\314\\1.png'),
        (1409, 315, 'images\\product\\315\\0.png'),
        (1410, 315, 'images\\product\\315\\1.png'),
        (1411, 315, 'images\\product\\315\\2.png'),
        (1412, 316, 'images\\product\\316\\0.png'),
        (1413, 316, 'images\\product\\316\\1.png'),
        (1414, 317, 'images\\product\\317\\0.png'),
        (1415, 317, 'images\\product\\317\\1.png'),
        (1416, 318, 'images\\product\\318\\0.png'),
        (1417, 318, 'images\\product\\318\\1.png'),
        (1418, 319, 'images\\product\\319\\0.png'),
        (1419, 319, 'images\\product\\319\\1.png'),
        (1420, 32, 'images\\product\\32\\0.jpg'),
        (1421, 32, 'images\\product\\32\\1.jpg'),
        (1422, 32, 'images\\product\\32\\2.jpg'),
        (1423, 32, 'images\\product\\32\\3.jpg'),
        (1424, 32, 'images\\product\\32\\4.jpg'),
        (1425, 320, 'images\\product\\320\\0.png'),
        (1426, 320, 'images\\product\\320\\1.png'),
        (1427, 321, 'images\\product\\321\\0.png'),
        (1428, 321, 'images\\product\\321\\1.png'),
        (1429, 322, 'images\\product\\322\\0.png'),
        (1430, 322, 'images\\product\\322\\1.png'),
        (1431, 323, 'images\\product\\323\\0.png'),
        (1432, 323, 'images\\product\\323\\1.png'),
        (1433, 324, 'images\\product\\324\\0.png'),
        (1434, 324, 'images\\product\\324\\1.png'),
        (1435, 325, 'images\\product\\325\\0.png'),
        (1436, 325, 'images\\product\\325\\1.png'),
        (1437, 326, 'images\\product\\326\\0.png'),
        (1438, 326, 'images\\product\\326\\1.png'),
        (1439, 327, 'images\\product\\327\\0.png'),
        (1440, 327, 'images\\product\\327\\1.png'),
        (1441, 328, 'images\\product\\328\\0.png'),
        (1442, 328, 'images\\product\\328\\1.png'),
        (1443, 329, 'images\\product\\329\\0.png'),
        (1444, 329, 'images\\product\\329\\1.png'),
        (1445, 329, 'images\\product\\329\\2.png'),
        (1446, 33, 'images\\product\\33\\0.jpg'),
        (1447, 33, 'images\\product\\33\\1.jpg'),
        (1448, 33, 'images\\product\\33\\2.jpg'),
        (1449, 33, 'images\\product\\33\\3.jpg'),
        (1450, 33, 'images\\product\\33\\4.jpg'),
        (1451, 33, 'images\\product\\33\\5.jpg'),
        (1452, 330, 'images\\product\\330\\0.png'),
        (1453, 330, 'images\\product\\330\\1.png'),
        (1454, 331, 'images\\product\\331\\0.png'),
        (1455, 331, 'images\\product\\331\\1.png'),
        (1456, 332, 'images\\product\\332\\0.png'),
        (1457, 332, 'images\\product\\332\\1.png'),
        (1458, 333, 'images\\product\\333\\0.png'),
        (1459, 333, 'images\\product\\333\\1.png'),
        (1460, 334, 'images\\product\\334\\0.png'),
        (1461, 334, 'images\\product\\334\\1.png'),
        (1462, 334, 'images\\product\\334\\2.png'),
        (1463, 335, 'images\\product\\335\\0.png'),
        (1464, 335, 'images\\product\\335\\1.png'),
        (1465, 335, 'images\\product\\335\\2.png'),
        (1466, 335, 'images\\product\\335\\3.png'),
        (1467, 336, 'images\\product\\336\\0.png'),
        (1468, 336, 'images\\product\\336\\1.png'),
        (1469, 337, 'images\\product\\337\\0.png'),
        (1470, 337, 'images\\product\\337\\1.png'),
        (1471, 338, 'images\\product\\338\\0.png'),
        (1472, 338, 'images\\product\\338\\1.png'),
        (1473, 339, 'images\\product\\339\\0.png'),
        (1474, 339, 'images\\product\\339\\1.png'),
        (1475, 339, 'images\\product\\339\\2.png'),
        (1476, 339, 'images\\product\\339\\3.png'),
        (1477, 34, 'images\\product\\34\\0.jpg'),
        (1478, 34, 'images\\product\\34\\1.jpg'),
        (1479, 34, 'images\\product\\34\\2.jpg'),
        (1480, 34, 'images\\product\\34\\3.jpg'),
        (1481, 34, 'images\\product\\34\\4.jpg'),
        (1482, 340, 'images\\product\\340\\0.png'),
        (1483, 340, 'images\\product\\340\\1.png'),
        (1484, 341, 'images\\product\\341\\0.png'),
        (1485, 341, 'images\\product\\341\\1.png'),
        (1486, 342, 'images\\product\\342\\0.png'),
        (1487, 342, 'images\\product\\342\\1.png'),
        (1488, 343, 'images\\product\\343\\0.png'),
        (1489, 343, 'images\\product\\343\\1.png'),
        (1490, 344, 'images\\product\\344\\0.png'),
        (1491, 344, 'images\\product\\344\\1.png'),
        (1492, 345, 'images\\product\\345\\0.png'),
        (1493, 345, 'images\\product\\345\\1.png'),
        (1494, 346, 'images\\product\\346\\0.png'),
        (1495, 346, 'images\\product\\346\\1.png'),
        (1496, 346, 'images\\product\\346\\2.png'),
        (1497, 347, 'images\\product\\347\\0.png'),
        (1498, 347, 'images\\product\\347\\1.png'),
        (1499, 347, 'images\\product\\347\\2.png'),
        (1500, 348, 'images\\product\\348\\0.png'),
        (1501, 348, 'images\\product\\348\\1.png'),
        (1502, 348, 'images\\product\\348\\2.png'),
        (1503, 349, 'images\\product\\349\\0.png'),
        (1504, 349, 'images\\product\\349\\1.png'),
        (1505, 35, 'images\\product\\35\\0.jpg'),
        (1506, 35, 'images\\product\\35\\1.jpg'),
        (1507, 35, 'images\\product\\35\\2.jpg'),
        (1508, 35, 'images\\product\\35\\3.jpg'),
        (1509, 35, 'images\\product\\35\\4.jpg'),
        (1510, 350, 'images\\product\\350\\0.png'),
        (1511, 350, 'images\\product\\350\\1.png'),
        (1512, 350, 'images\\product\\350\\2.png'),
        (1513, 351, 'images\\product\\351\\0.png'),
        (1514, 351, 'images\\product\\351\\1.png'),
        (1515, 351, 'images\\product\\351\\2.png'),
        (1516, 352, 'images\\product\\352\\0.png'),
        (1517, 352, 'images\\product\\352\\1.png'),
        (1518, 353, 'images\\product\\353\\0.png'),
        (1519, 353, 'images\\product\\353\\1.png'),
        (1520, 354, 'images\\product\\354\\0.png'),
        (1521, 354, 'images\\product\\354\\1.png'),
        (1522, 355, 'images\\product\\355\\0.png'),
        (1523, 355, 'images\\product\\355\\1.png'),
        (1524, 356, 'images\\product\\356\\0.png'),
        (1525, 356, 'images\\product\\356\\1.png'),
        (1526, 357, 'images\\product\\357\\0.png'),
        (1527, 357, 'images\\product\\357\\1.png'),
        (1528, 357, 'images\\product\\357\\2.png'),
        (1529, 358, 'images\\product\\358\\0.png'),
        (1530, 358, 'images\\product\\358\\1.png'),
        (1531, 359, 'images\\product\\359\\0.png'),
        (1532, 359, 'images\\product\\359\\1.png'),
        (1533, 36, 'images\\product\\36\\0.jpg'),
        (1534, 36, 'images\\product\\36\\1.jpg'),
        (1535, 36, 'images\\product\\36\\2.jpg'),
        (1536, 36, 'images\\product\\36\\3.jpg'),
        (1537, 36, 'images\\product\\36\\4.jpg'),
        (1538, 360, 'images\\product\\360\\0.png'),
        (1539, 360, 'images\\product\\360\\1.png'),
        (1540, 361, 'images\\product\\361\\0.png'),
        (1541, 361, 'images\\product\\361\\1.png'),
        (1542, 362, 'images\\product\\362\\0.png'),
        (1543, 362, 'images\\product\\362\\1.png'),
        (1544, 363, 'images\\product\\363\\0.png'),
        (1545, 363, 'images\\product\\363\\1.png'),
        (1546, 364, 'images\\product\\364\\0.png'),
        (1547, 364, 'images\\product\\364\\1.png'),
        (1548, 365, 'images\\product\\365\\0.png'),
        (1549, 365, 'images\\product\\365\\1.png'),
        (1550, 366, 'images\\product\\366\\0.png'),
        (1551, 366, 'images\\product\\366\\1.png'),
        (1552, 367, 'images\\product\\367\\0.png'),
        (1553, 367, 'images\\product\\367\\1.png'),
        (1554, 368, 'images\\product\\368\\0.png'),
        (1555, 368, 'images\\product\\368\\1.png'),
        (1556, 369, 'images\\product\\369\\0.png'),
        (1557, 369, 'images\\product\\369\\1.png'),
        (1558, 37, 'images\\product\\37\\0.jpg'),
        (1559, 37, 'images\\product\\37\\1.jpg'),
        (1560, 37, 'images\\product\\37\\2.jpg'),
        (1561, 37, 'images\\product\\37\\3.jpg'),
        (1562, 370, 'images\\product\\370\\0.png'),
        (1563, 370, 'images\\product\\370\\1.png'),
        (1564, 371, 'images\\product\\371\\0.png'),
        (1565, 371, 'images\\product\\371\\1.png'),
        (1566, 372, 'images\\product\\372\\0.png'),
        (1567, 372, 'images\\product\\372\\1.png'),
        (1568, 38, 'images\\product\\38\\0.jpg'),
        (1569, 38, 'images\\product\\38\\1.jpg'),
        (1570, 38, 'images\\product\\38\\2.jpg'),
        (1571, 39, 'images\\product\\39\\0.jpg'),
        (1572, 39, 'images\\product\\39\\1.jpg'),
        (1573, 39, 'images\\product\\39\\2.jpg'),
        (1574, 39, 'images\\product\\39\\3.jpg'),
        (1575, 39, 'images\\product\\39\\4.jpg'),
        (1576, 4, 'images\\product\\4\\0.jpg'),
        (1577, 4, 'images\\product\\4\\1.jpg'),
        (1578, 4, 'images\\product\\4\\10.jpg'),
        (1579, 4, 'images\\product\\4\\11.jpg'),
        (1580, 4, 'images\\product\\4\\12.jpg'),
        (1581, 4, 'images\\product\\4\\13.jpg'),
        (1582, 4, 'images\\product\\4\\2.jpg'),
        (1583, 4, 'images\\product\\4\\3.jpg'),
        (1584, 4, 'images\\product\\4\\4.jpg'),
        (1585, 4, 'images\\product\\4\\5.jpg'),
        (1586, 4, 'images\\product\\4\\6.jpg'),
        (1587, 4, 'images\\product\\4\\7.jpg'),
        (1588, 4, 'images\\product\\4\\8.jpg'),
        (1589, 4, 'images\\product\\4\\9.jpg'),
        (1590, 40, 'images\\product\\40\\0.jpg'),
        (1591, 40, 'images\\product\\40\\1.jpg'),
        (1592, 40, 'images\\product\\40\\2.jpg'),
        (1593, 40, 'images\\product\\40\\3.jpg'),
        (1594, 41, 'images\\product\\41\\0.jpg'),
        (1595, 41, 'images\\product\\41\\1.jpg'),
        (1596, 41, 'images\\product\\41\\2.jpg'),
        (1597, 41, 'images\\product\\41\\3.jpg'),
        (1598, 42, 'images\\product\\42\\0.jpg'),
        (1599, 42, 'images\\product\\42\\1.jpg'),
        (1600, 42, 'images\\product\\42\\2.jpg'),
        (1601, 42, 'images\\product\\42\\3.jpg'),
        (1602, 43, 'images\\product\\43\\0.jpg'),
        (1603, 43, 'images\\product\\43\\1.jpg'),
        (1604, 43, 'images\\product\\43\\2.jpg'),
        (1605, 43, 'images\\product\\43\\3.jpg'),
        (1606, 43, 'images\\product\\43\\4.jpg'),
        (1607, 44, 'images\\product\\44\\0.jpg'),
        (1608, 44, 'images\\product\\44\\1.jpg'),
        (1609, 44, 'images\\product\\44\\2.jpg'),
        (1610, 45, 'images\\product\\45\\0.jpg'),
        (1611, 45, 'images\\product\\45\\1.jpg'),
        (1612, 45, 'images\\product\\45\\2.jpg'),
        (1613, 45, 'images\\product\\45\\3.jpg'),
        (1614, 45, 'images\\product\\45\\4.jpg'),
        (1615, 45, 'images\\product\\45\\5.jpg'),
        (1616, 46, 'images\\product\\46\\0.jpg'),
        (1617, 46, 'images\\product\\46\\1.jpg'),
        (1618, 46, 'images\\product\\46\\2.jpg'),
        (1619, 47, 'images\\product\\47\\0.jpg'),
        (1620, 47, 'images\\product\\47\\1.jpg'),
        (1621, 47, 'images\\product\\47\\2.jpg'),
        (1622, 47, 'images\\product\\47\\3.jpg'),
        (1623, 47, 'images\\product\\47\\4.jpg'),
        (1624, 47, 'images\\product\\47\\5.jpg'),
        (1625, 47, 'images\\product\\47\\6.jpg'),
        (1626, 47, 'images\\product\\47\\7.jpg'),
        (1627, 47, 'images\\product\\47\\8.jpg'),
        (1628, 47, 'images\\product\\47\\9.jpg'),
        (1629, 48, 'images\\product\\48\\0.jpg'),
        (1630, 48, 'images\\product\\48\\1.jpg'),
        (1631, 48, 'images\\product\\48\\2.jpg'),
        (1632, 48, 'images\\product\\48\\3.jpg'),
        (1633, 48, 'images\\product\\48\\4.jpg'),
        (1634, 48, 'images\\product\\48\\5.jpg'),
        (1635, 48, 'images\\product\\48\\6.jpg'),
        (1636, 48, 'images\\product\\48\\7.jpg'),
        (1637, 48, 'images\\product\\48\\8.jpg'),
        (1638, 48, 'images\\product\\48\\9.jpg'),
        (1639, 49, 'images\\product\\49\\0.jpg'),
        (1640, 49, 'images\\product\\49\\1.jpg'),
        (1641, 49, 'images\\product\\49\\2.jpg'),
        (1642, 49, 'images\\product\\49\\3.jpg'),
        (1643, 49, 'images\\product\\49\\4.jpg'),
        (1644, 5, 'images\\product\\5\\0.jpg'),
        (1645, 5, 'images\\product\\5\\1.jpg'),
        (1646, 5, 'images\\product\\5\\2.jpg'),
        (1647, 5, 'images\\product\\5\\3.jpg'),
        (1648, 5, 'images\\product\\5\\4.jpg'),
        (1649, 5, 'images\\product\\5\\5.jpg'),
        (1650, 5, 'images\\product\\5\\6.jpg'),
        (1651, 5, 'images\\product\\5\\7.jpg'),
        (1652, 5, 'images\\product\\5\\8.jpg'),
        (1653, 50, 'images\\product\\50\\0.jpg'),
        (1654, 50, 'images\\product\\50\\1.jpg'),
        (1655, 50, 'images\\product\\50\\2.jpg'),
        (1656, 50, 'images\\product\\50\\3.jpg'),
        (1657, 50, 'images\\product\\50\\4.jpg'),
        (1658, 50, 'images\\product\\50\\5.jpg'),
        (1659, 50, 'images\\product\\50\\6.jpg'),
        (1660, 50, 'images\\product\\50\\7.jpg'),
        (1661, 51, 'images\\product\\51\\0.jpg'),
        (1662, 51, 'images\\product\\51\\1.jpg'),
        (1663, 51, 'images\\product\\51\\2.jpg'),
        (1664, 52, 'images\\product\\52\\0.jpg'),
        (1665, 52, 'images\\product\\52\\1.jpg'),
        (1666, 52, 'images\\product\\52\\2.jpg'),
        (1667, 52, 'images\\product\\52\\3.jpg'),
        (1668, 52, 'images\\product\\52\\4.jpg'),
        (1669, 52, 'images\\product\\52\\5.jpg'),
        (1670, 52, 'images\\product\\52\\6.jpg'),
        (1671, 52, 'images\\product\\52\\7.jpg'),
        (1672, 52, 'images\\product\\52\\8.jpg'),
        (1673, 53, 'images\\product\\53\\0.jpg'),
        (1674, 53, 'images\\product\\53\\1.jpg'),
        (1675, 53, 'images\\product\\53\\2.jpg'),
        (1676, 53, 'images\\product\\53\\3.jpg'),
        (1677, 53, 'images\\product\\53\\4.jpg'),
        (1678, 54, 'images\\product\\54\\0.jpg'),
        (1679, 54, 'images\\product\\54\\1.jpg'),
        (1680, 54, 'images\\product\\54\\2.jpg'),
        (1681, 54, 'images\\product\\54\\3.jpg'),
        (1682, 55, 'images\\product\\55\\0.jpg'),
        (1683, 55, 'images\\product\\55\\1.jpg'),
        (1684, 55, 'images\\product\\55\\2.jpg'),
        (1685, 55, 'images\\product\\55\\3.jpg'),
        (1686, 55, 'images\\product\\55\\4.jpg'),
        (1687, 55, 'images\\product\\55\\5.jpg'),
        (1688, 55, 'images\\product\\55\\6.jpg'),
        (1689, 55, 'images\\product\\55\\7.jpg'),
        (1690, 56, 'images\\product\\56\\0.jpg'),
        (1691, 56, 'images\\product\\56\\1.jpg'),
        (1692, 56, 'images\\product\\56\\2.jpg'),
        (1693, 56, 'images\\product\\56\\3.jpg'),
        (1694, 56, 'images\\product\\56\\4.jpg'),
        (1695, 56, 'images\\product\\56\\5.jpg'),
        (1696, 57, 'images\\product\\57\\0.jpg'),
        (1697, 57, 'images\\product\\57\\1.jpg'),
        (1698, 57, 'images\\product\\57\\2.jpg'),
        (1699, 57, 'images\\product\\57\\3.jpg'),
        (1700, 58, 'images\\product\\58\\0.jpg'),
        (1701, 58, 'images\\product\\58\\1.jpg'),
        (1702, 58, 'images\\product\\58\\2.jpg'),
        (1703, 58, 'images\\product\\58\\3.jpg'),
        (1704, 58, 'images\\product\\58\\4.jpg'),
        (1705, 59, 'images\\product\\59\\0.jpg'),
        (1706, 59, 'images\\product\\59\\1.jpg'),
        (1707, 59, 'images\\product\\59\\2.jpg'),
        (1708, 6, 'images\\product\\6\\0.jpg'),
        (1709, 6, 'images\\product\\6\\1.jpg'),
        (1710, 6, 'images\\product\\6\\2.jpg'),
        (1711, 6, 'images\\product\\6\\3.jpg'),
        (1712, 6, 'images\\product\\6\\4.jpg'),
        (1713, 6, 'images\\product\\6\\5.jpg'),
        (1714, 6, 'images\\product\\6\\6.jpg'),
        (1715, 6, 'images\\product\\6\\7.jpg'),
        (1716, 60, 'images\\product\\60\\0.jpg'),
        (1717, 60, 'images\\product\\60\\1.jpg'),
        (1718, 60, 'images\\product\\60\\2.jpg'),
        (1719, 61, 'images\\product\\61\\0.jpg'),
        (1720, 61, 'images\\product\\61\\1.jpg'),
        (1721, 61, 'images\\product\\61\\2.jpg'),
        (1722, 61, 'images\\product\\61\\3.jpg'),
        (1723, 61, 'images\\product\\61\\4.jpg'),
        (1724, 61, 'images\\product\\61\\5.jpg'),
        (1725, 61, 'images\\product\\61\\6.jpg'),
        (1726, 62, 'images\\product\\62\\0.jpg'),
        (1727, 62, 'images\\product\\62\\1.jpg'),
        (1728, 62, 'images\\product\\62\\2.jpg'),
        (1729, 62, 'images\\product\\62\\3.jpg'),
        (1730, 62, 'images\\product\\62\\4.jpg'),
        (1731, 62, 'images\\product\\62\\5.jpg'),
        (1732, 62, 'images\\product\\62\\6.jpg'),
        (1733, 63, 'images\\product\\63\\0.jpg'),
        (1734, 63, 'images\\product\\63\\1.jpg'),
        (1735, 64, 'images\\product\\64\\0.jpg'),
        (1736, 64, 'images\\product\\64\\1.jpg'),
        (1737, 64, 'images\\product\\64\\2.jpg'),
        (1738, 64, 'images\\product\\64\\3.jpg'),
        (1739, 64, 'images\\product\\64\\4.jpg'),
        (1740, 64, 'images\\product\\64\\5.jpg'),
        (1741, 64, 'images\\product\\64\\6.jpg'),
        (1742, 64, 'images\\product\\64\\7.jpg'),
        (1743, 64, 'images\\product\\64\\8.jpg'),
        (1744, 64, 'images\\product\\64\\9.jpg'),
        (1745, 65, 'images\\product\\65\\0.jpg'),
        (1746, 65, 'images\\product\\65\\1.jpg'),
        (1747, 65, 'images\\product\\65\\2.jpg'),
        (1748, 65, 'images\\product\\65\\3.jpg'),
        (1749, 65, 'images\\product\\65\\4.jpg'),
        (1750, 65, 'images\\product\\65\\5.jpg'),
        (1751, 65, 'images\\product\\65\\6.jpg'),
        (1752, 65, 'images\\product\\65\\7.jpg'),
        (1753, 65, 'images\\product\\65\\8.jpg'),
        (1754, 66, 'images\\product\\66\\0.jpg'),
        (1755, 66, 'images\\product\\66\\1.jpg'),
        (1756, 67, 'images\\product\\67\\0.jpg'),
        (1757, 67, 'images\\product\\67\\1.jpg'),
        (1758, 67, 'images\\product\\67\\2.jpg'),
        (1759, 68, 'images\\product\\68\\0.jpg'),
        (1760, 68, 'images\\product\\68\\1.jpg'),
        (1761, 68, 'images\\product\\68\\2.jpg'),
        (1762, 69, 'images\\product\\69\\0.jpg'),
        (1763, 69, 'images\\product\\69\\1.jpg'),
        (1764, 69, 'images\\product\\69\\2.jpg'),
        (1765, 7, 'images\\product\\7\\0.jpg'),
        (1766, 7, 'images\\product\\7\\1.jpg'),
        (1767, 7, 'images\\product\\7\\10.jpg'),
        (1768, 7, 'images\\product\\7\\2.jpg'),
        (1769, 7, 'images\\product\\7\\3.jpg'),
        (1770, 7, 'images\\product\\7\\4.jpg'),
        (1771, 7, 'images\\product\\7\\5.jpg'),
        (1772, 7, 'images\\product\\7\\6.jpg'),
        (1773, 7, 'images\\product\\7\\7.jpg'),
        (1774, 7, 'images\\product\\7\\8.jpg'),
        (1775, 7, 'images\\product\\7\\9.jpg'),
        (1776, 70, 'images\\product\\70\\0.jpg'),
        (1777, 70, 'images\\product\\70\\1.jpg'),
        (1778, 70, 'images\\product\\70\\2.jpg'),
        (1779, 71, 'images\\product\\71\\0.jpg'),
        (1780, 71, 'images\\product\\71\\1.jpg'),
        (1781, 71, 'images\\product\\71\\10.jpg'),
        (1782, 71, 'images\\product\\71\\2.jpg'),
        (1783, 71, 'images\\product\\71\\3.jpg'),
        (1784, 71, 'images\\product\\71\\4.jpg'),
        (1785, 71, 'images\\product\\71\\5.jpg'),
        (1786, 71, 'images\\product\\71\\6.jpg'),
        (1787, 71, 'images\\product\\71\\7.jpg'),
        (1788, 71, 'images\\product\\71\\8.jpg'),
        (1789, 71, 'images\\product\\71\\9.jpg'),
        (1790, 72, 'images\\product\\72\\0.jpg'),
        (1791, 72, 'images\\product\\72\\1.jpg'),
        (1792, 72, 'images\\product\\72\\2.jpg'),
        (1793, 72, 'images\\product\\72\\3.jpg'),
        (1794, 72, 'images\\product\\72\\4.jpg'),
        (1795, 73, 'images\\product\\73\\0.jpg'),
        (1796, 73, 'images\\product\\73\\1.jpg'),
        (1797, 73, 'images\\product\\73\\2.jpg'),
        (1798, 73, 'images\\product\\73\\3.jpg'),
        (1799, 74, 'images\\product\\74\\0.jpg'),
        (1800, 74, 'images\\product\\74\\1.jpg'),
        (1801, 74, 'images\\product\\74\\2.jpg'),
        (1802, 74, 'images\\product\\74\\3.jpg'),
        (1803, 74, 'images\\product\\74\\4.jpg'),
        (1804, 75, 'images\\product\\75\\0.jpg'),
        (1805, 75, 'images\\product\\75\\1.jpg'),
        (1806, 75, 'images\\product\\75\\2.jpg'),
        (1807, 75, 'images\\product\\75\\3.jpg'),
        (1808, 75, 'images\\product\\75\\4.jpg'),
        (1809, 75, 'images\\product\\75\\5.jpg'),
        (1810, 76, 'images\\product\\76\\0.jpg'),
        (1811, 76, 'images\\product\\76\\1.jpg'),
        (1812, 76, 'images\\product\\76\\2.jpg'),
        (1813, 76, 'images\\product\\76\\3.jpg'),
        (1814, 76, 'images\\product\\76\\4.jpg'),
        (1815, 76, 'images\\product\\76\\5.jpg'),
        (1816, 76, 'images\\product\\76\\6.jpg'),
        (1817, 77, 'images\\product\\77\\0.jpg'),
        (1818, 77, 'images\\product\\77\\1.jpg'),
        (1819, 77, 'images\\product\\77\\2.jpg'),
        (1820, 77, 'images\\product\\77\\3.jpg'),
        (1821, 77, 'images\\product\\77\\4.jpg'),
        (1822, 77, 'images\\product\\77\\5.jpg'),
        (1823, 78, 'images\\product\\78\\0.jpg'),
        (1824, 78, 'images\\product\\78\\1.jpg'),
        (1825, 78, 'images\\product\\78\\2.jpg'),
        (1826, 78, 'images\\product\\78\\3.jpg'),
        (1827, 79, 'images\\product\\79\\0.jpg'),
        (1828, 79, 'images\\product\\79\\1.jpg'),
        (1829, 79, 'images\\product\\79\\10.jpg'),
        (1830, 79, 'images\\product\\79\\2.jpg'),
        (1831, 79, 'images\\product\\79\\3.jpg'),
        (1832, 79, 'images\\product\\79\\4.jpg'),
        (1833, 79, 'images\\product\\79\\5.jpg'),
        (1834, 79, 'images\\product\\79\\6.jpg'),
        (1835, 79, 'images\\product\\79\\7.jpg'),
        (1836, 79, 'images\\product\\79\\8.jpg'),
        (1837, 79, 'images\\product\\79\\9.jpg'),
        (1838, 8, 'images\\product\\8\\0.jpg'),
        (1839, 8, 'images\\product\\8\\1.jpg'),
        (1840, 8, 'images\\product\\8\\2.jpg'),
        (1841, 8, 'images\\product\\8\\3.jpg'),
        (1842, 8, 'images\\product\\8\\4.jpg'),
        (1843, 8, 'images\\product\\8\\5.jpg'),
        (1844, 80, 'images\\product\\80\\0.jpg'),
        (1845, 80, 'images\\product\\80\\1.jpg'),
        (1846, 80, 'images\\product\\80\\10.jpg'),
        (1847, 80, 'images\\product\\80\\2.jpg'),
        (1848, 80, 'images\\product\\80\\3.jpg'),
        (1849, 80, 'images\\product\\80\\4.jpg'),
        (1850, 80, 'images\\product\\80\\5.jpg'),
        (1851, 80, 'images\\product\\80\\6.jpg'),
        (1852, 80, 'images\\product\\80\\7.jpg'),
        (1853, 80, 'images\\product\\80\\8.jpg'),
        (1854, 80, 'images\\product\\80\\9.jpg'),
        (1855, 81, 'images\\product\\81\\0.jpg'),
        (1856, 81, 'images\\product\\81\\1.jpg'),
        (1857, 81, 'images\\product\\81\\2.jpg'),
        (1858, 81, 'images\\product\\81\\3.jpg'),
        (1859, 81, 'images\\product\\81\\4.jpg'),
        (1860, 81, 'images\\product\\81\\5.jpg'),
        (1861, 81, 'images\\product\\81\\6.jpg'),
        (1862, 81, 'images\\product\\81\\7.jpg'),
        (1863, 82, 'images\\product\\82\\0.jpg'),
        (1864, 82, 'images\\product\\82\\1.jpg'),
        (1865, 82, 'images\\product\\82\\2.jpg'),
        (1866, 82, 'images\\product\\82\\3.jpg'),
        (1867, 82, 'images\\product\\82\\4.jpg'),
        (1868, 82, 'images\\product\\82\\5.jpg'),
        (1869, 82, 'images\\product\\82\\6.jpg'),
        (1870, 82, 'images\\product\\82\\7.jpg'),
        (1871, 82, 'images\\product\\82\\8.jpg'),
        (1872, 82, 'images\\product\\82\\9.jpg'),
        (1873, 83, 'images\\product\\83\\0.jpg'),
        (1874, 83, 'images\\product\\83\\1.jpg'),
        (1875, 83, 'images\\product\\83\\10.jpg'),
        (1876, 83, 'images\\product\\83\\2.jpg'),
        (1877, 83, 'images\\product\\83\\3.jpg'),
        (1878, 83, 'images\\product\\83\\4.jpg'),
        (1879, 83, 'images\\product\\83\\5.jpg'),
        (1880, 83, 'images\\product\\83\\6.jpg'),
        (1881, 83, 'images\\product\\83\\7.jpg'),
        (1882, 83, 'images\\product\\83\\8.jpg'),
        (1883, 83, 'images\\product\\83\\9.jpg'),
        (1884, 84, 'images\\product\\84\\0.jpg'),
        (1885, 84, 'images\\product\\84\\1.jpg'),
        (1886, 84, 'images\\product\\84\\2.jpg'),
        (1887, 85, 'images\\product\\85\\0.jpg'),
        (1888, 85, 'images\\product\\85\\1.jpg'),
        (1889, 85, 'images\\product\\85\\10.jpg'),
        (1890, 85, 'images\\product\\85\\11.jpg'),
        (1891, 85, 'images\\product\\85\\12.jpg'),
        (1892, 85, 'images\\product\\85\\2.jpg'),
        (1893, 85, 'images\\product\\85\\3.jpg'),
        (1894, 85, 'images\\product\\85\\4.jpg'),
        (1895, 85, 'images\\product\\85\\5.jpg'),
        (1896, 85, 'images\\product\\85\\6.jpg'),
        (1897, 85, 'images\\product\\85\\7.jpg'),
        (1898, 85, 'images\\product\\85\\8.jpg'),
        (1899, 85, 'images\\product\\85\\9.jpg'),
        (1900, 86, 'images\\product\\86\\0.jpg'),
        (1901, 86, 'images\\product\\86\\1.jpg'),
        (1902, 86, 'images\\product\\86\\2.jpg'),
        (1903, 86, 'images\\product\\86\\3.jpg'),
        (1904, 87, 'images\\product\\87\\0.jpg'),
        (1905, 87, 'images\\product\\87\\1.jpg'),
        (1906, 87, 'images\\product\\87\\2.jpg'),
        (1907, 87, 'images\\product\\87\\3.jpg'),
        (1908, 87, 'images\\product\\87\\4.jpg'),
        (1909, 87, 'images\\product\\87\\5.jpg'),
        (1910, 87, 'images\\product\\87\\6.jpg'),
        (1911, 87, 'images\\product\\87\\7.jpg'),
        (1912, 88, 'images\\product\\88\\0.jpg'),
        (1913, 88, 'images\\product\\88\\1.jpg'),
        (1914, 88, 'images\\product\\88\\2.jpg'),
        (1915, 88, 'images\\product\\88\\3.jpg'),
        (1916, 88, 'images\\product\\88\\4.jpg'),
        (1917, 89, 'images\\product\\89\\0.jpg'),
        (1918, 89, 'images\\product\\89\\1.jpg'),
        (1919, 89, 'images\\product\\89\\2.jpg'),
        (1920, 89, 'images\\product\\89\\3.jpg'),
        (1921, 89, 'images\\product\\89\\4.jpg'),
        (1922, 89, 'images\\product\\89\\5.jpg'),
        (1923, 89, 'images\\product\\89\\6.jpg'),
        (1924, 89, 'images\\product\\89\\7.jpg'),
        (1925, 89, 'images\\product\\89\\8.jpg'),
        (1926, 89, 'images\\product\\89\\9.jpg'),
        (1927, 9, 'images\\product\\9\\0.jpg'),
        (1928, 9, 'images\\product\\9\\1.jpg'),
        (1929, 9, 'images\\product\\9\\2.jpg'),
        (1930, 9, 'images\\product\\9\\3.jpg'),
        (1931, 9, 'images\\product\\9\\4.jpg'),
        (1932, 9, 'images\\product\\9\\5.jpg'),
        (1933, 9, 'images\\product\\9\\6.jpg'),
        (1934, 9, 'images\\product\\9\\7.jpg'),
        (1935, 9, 'images\\product\\9\\8.jpg'),
        (1936, 90, 'images\\product\\90\\0.jpg'),
        (1937, 90, 'images\\product\\90\\1.jpg'),
        (1938, 90, 'images\\product\\90\\2.jpg'),
        (1939, 90, 'images\\product\\90\\3.jpg'),
        (1940, 90, 'images\\product\\90\\4.jpg'),
        (1941, 91, 'images\\product\\91\\0.jpg'),
        (1942, 91, 'images\\product\\91\\1.jpg'),
        (1943, 91, 'images\\product\\91\\2.jpg'),
        (1944, 91, 'images\\product\\91\\3.jpg'),
        (1945, 92, 'images\\product\\92\\0.jpg'),
        (1946, 92, 'images\\product\\92\\1.jpg'),
        (1947, 92, 'images\\product\\92\\2.jpg'),
        (1948, 92, 'images\\product\\92\\3.jpg'),
        (1956, 94, 'images\\product\\94\\0.jpg'),
        (1957, 94, 'images\\product\\94\\1.jpg'),
        (1958, 94, 'images\\product\\94\\2.jpg'),
        (1959, 94, 'images\\product\\94\\3.jpg'),
        (1960, 95, 'images\\product\\95\\0.jpg'),
        (1961, 95, 'images\\product\\95\\1.jpg'),
        (1962, 95, 'images\\product\\95\\2.jpg'),
        (1963, 95, 'images\\product\\95\\3.jpg'),
        (1964, 95, 'images\\product\\95\\4.jpg'),
        (1965, 96, 'images\\product\\96\\0.jpg'),
        (1966, 96, 'images\\product\\96\\1.jpg'),
        (1967, 96, 'images\\product\\96\\2.jpg'),
        (1968, 96, 'images\\product\\96\\3.jpg'),
        (1969, 96, 'images\\product\\96\\4.jpg'),
        (1970, 96, 'images\\product\\96\\5.jpg'),
        (1971, 96, 'images\\product\\96\\6.jpg'),
        (1972, 97, 'images\\product\\97\\0.jpg'),
        (1973, 97, 'images\\product\\97\\1.jpg'),
        (1974, 97, 'images\\product\\97\\2.jpg'),
        (1975, 98, 'images\\product\\98\\0.jpg'),
        (1976, 98, 'images\\product\\98\\1.jpg'),
        (1977, 98, 'images\\product\\98\\2.jpg'),
        (1978, 98, 'images\\product\\98\\3.jpg'),
        (1979, 98, 'images\\product\\98\\4.jpg'),
        (1980, 98, 'images\\product\\98\\5.jpg'),
        (1981, 98, 'images\\product\\98\\6.jpg'),
        (1982, 99, 'images\\product\\99\\0.jpg'),
        (1983, 99, 'images\\product\\99\\1.jpg'),
        (1984, 99, 'images\\product\\99\\2.jpg'),
        (1985, 99, 'images\\product\\99\\3.jpg'),
        (1986, 99, 'images\\product\\99\\4.jpg'),
        (1987, 99, 'images\\product\\99\\5.jpg'),
        (1988, 99, 'images\\product\\99\\6.jpg'),
        (1989, 93, 'images\\\\product\\\\93\\\\0.jpg'),
        (1990, 93, 'images\\\\product\\\\93\\\\1.jpg'),
        (1991, 93, 'images\\\\product\\\\93\\\\2.jpg'),
        (1992, 93, 'images\\\\product\\\\93\\\\3.jpg'),
        (1993, 93, 'images\\\\product\\\\93\\\\4.jpg'),
        (1994, 93, 'images\\\\product\\\\93\\\\5.jpg'),
        (1995, 93, 'images\\\\product\\\\93\\\\6.jpg');

    -- Dumping structure for table mat_kinh_kimi.reviews
    CREATE TABLE IF NOT EXISTS `reviews` (
      `id` int(11) NOT NULL AUTO_INCREMENT,
      `userId` int(11) DEFAULT NULL,
      `productId` int(11) DEFAULT NULL,
      `comment` varchar(50) DEFAULT NULL,
      `numberStar` int(11) DEFAULT 0,
      `date` datetime DEFAULT NULL,
      PRIMARY KEY (`id`),
      KEY `reviews_productId_products_id_fk` (`productId`),
      KEY `reviews_productId_users_userId_fk` (`userId`),
      CONSTRAINT `reviews_productId_products_id_fk` FOREIGN KEY (`productId`) REFERENCES `products` (`id`) ON DELETE NO ACTION ON UPDATE NO ACTION,
      CONSTRAINT `reviews_productId_users_userId_fk` FOREIGN KEY (`userId`) REFERENCES `users` (`id`) ON DELETE NO ACTION ON UPDATE NO ACTION
    ) ENGINE=InnoDB AUTO_INCREMENT=32 DEFAULT CHARSET=utf8mb4 COLLATE=utf8mb4_general_ci;

    -- Dumping data for table mat_kinh_kimi.reviews: ~0 rows (approximately)

    -- Dumping structure for table mat_kinh_kimi.review_images
    CREATE TABLE IF NOT EXISTS `review_images` (
      `id` int(11) NOT NULL,
      `reviewId` int(11) DEFAULT NULL,
      `urlImage` varchar(255) DEFAULT NULL,
      KEY `reiview_images_reviewId_reviews_id_fk` (`reviewId`),
      CONSTRAINT `reiview_images_reviewId_reviews_id_fk` FOREIGN KEY (`reviewId`) REFERENCES `reviews` (`id`) ON DELETE NO ACTION ON UPDATE NO ACTION
    ) ENGINE=InnoDB DEFAULT CHARSET=utf8mb4 COLLATE=utf8mb4_general_ci;

    -- Dumping data for table mat_kinh_kimi.review_images: ~0 rows (approximately)

    -- Dumping structure for table mat_kinh_kimi.users
    CREATE TABLE IF NOT EXISTS `users` (
      `id` int(11) NOT NULL AUTO_INCREMENT,
      `avatar` varchar(255) DEFAULT NULL,
      `fullName` varchar(255) DEFAULT NULL,
      `sex` varchar(10) DEFAULT 'Nam',
      `birthday` date DEFAULT NULL,
      `email` varchar(255) DEFAULT NULL,
      `password` varchar(255) DEFAULT NULL,
      `role` int(11) DEFAULT 1,
      `verify` varchar(255) DEFAULT NULL,
      `lock` bit(1) DEFAULT b'0',
      `registrationTime` datetime DEFAULT NULL,
      PRIMARY KEY (`id`)
    ) ENGINE=InnoDB AUTO_INCREMENT=37 DEFAULT CHARSET=utf8mb4 COLLATE=utf8mb4_general_ci;

    -- Dumping data for table mat_kinh_kimi.users: ~4 rows (approximately)
    INSERT INTO `users` (`id`, `avatar`, `fullName`, `sex`, `birthday`, `email`, `password`, `role`, `verify`, `lock`, `registrationTime`) VALUES
        (1, 'images/avatar/lamnguyen.png', 'Nguyễn Đình Lam', 'Nam', '2003-05-13', 'kiminonawa1305@gmail.com', '$2a$12$PuMVTFMUE.Jxcuslehn.V.WRaO4l0pUF5Nesnej/Xs1r.Ti5JvZ/C', 0, NULL, b'1', '2023-12-20 00:17:59'),
        (2, 'images/avatar/hongphong@gmail_com/avatar.jpg', 'Lâm Hồng Phong đẹp zai', 'Nữ', '2003-01-17', 'hongphong@gmail.com', '$2a$12$9ddWWVKEPeJV3cP4hJg3zub7HWRsSwN39gnoy8l0TgSnKxGFGnbV.', 2, NULL, b'0', '2023-12-19 00:00:00'),
        (3, 'images/avatar/default_avatar.png', 'Nguyễn Đình Tuấn', 'Nam', '2003-01-01', 'tuanvtvc@gmail.com', '$2a$12$icQ1Y1ZQcVX/ZVDAeEEHCORUkyxZzYJKqEFiseXjZrvTfHGHBY0US', 1, NULL, b'0', '2023-12-21 20:30:20'),
        (4, 'images/avatar/default_avatar.png', 'Nguyễn Đình Lam', 'Nam', '2003-05-13', 'maitien13052003@gmail.com', '$2a$12$Z.gQYmul4Ugv61mQnMjVZeHtPbbqqi70Mtq7oAw5uDb.psuX1174G', 1, NULL, b'0', '2023-12-22 10:12:06');

    /*!40103 SET TIME_ZONE=IFNULL(@OLD_TIME_ZONE, 'system') */;
    /*!40101 SET SQL_MODE=IFNULL(@OLD_SQL_MODE, '') */;
    /*!40014 SET FOREIGN_KEY_CHECKS=IFNULL(@OLD_FOREIGN_KEY_CHECKS, 1) */;
    /*!40101 SET CHARACTER_SET_CLIENT=@OLD_CHARACTER_SET_CLIENT */;
    /*!40111 SET SQL_NOTES=IFNULL(@OLD_SQL_NOTES, 1) */;
